121	1	3	542	551	NeuronProperty	pyramidal
121	1	3	552	559	Neuron	neurons
121	2	10	2676	2687	NeuronProperty	hippocampal
121	2	10	2692	2700	NeuronProperty	cortical
121	2	10	2692	2700	NeuronProperty	cortical
121	2	10	2701	2710	NeuronProperty	pyramidal
121	2	10	2711	2718	Neuron	neurons
121	3	10	2676	2687	NeuronProperty	hippocampal
121	3	10	2692	2700	NeuronProperty	cortical
121	3	10	2692	2700	NeuronProperty	cortical
121	3	10	2701	2710	NeuronProperty	pyramidal
121	3	10	2711	2718	Neuron	neurons
121	4	10	2676	2687	NeuronProperty	hippocampal
121	4	10	2692	2700	NeuronProperty	cortical
121	4	10	2692	2700	NeuronProperty	cortical
121	4	10	2701	2710	NeuronProperty	pyramidal
121	4	10	2711	2718	Neuron	neurons
121	5	10	2676	2687	NeuronProperty	hippocampal
121	5	10	2692	2700	NeuronProperty	cortical
121	5	10	2692	2700	NeuronProperty	cortical
121	5	10	2701	2710	NeuronProperty	pyramidal
121	5	10	2711	2718	Neuron	neurons
121	6	10	2692	2700	NeuronProperty	cortical
121	6	10	2692	2700	NeuronProperty	cortical
121	6	10	2701	2710	NeuronProperty	pyramidal
121	6	10	2711	2718	Neuron	neurons
121	7	10	2692	2700	NeuronProperty	cortical
121	7	10	2692	2700	NeuronProperty	cortical
121	7	10	2701	2710	NeuronProperty	pyramidal
121	7	10	2711	2718	Neuron	neurons
121	8	10	2701	2710	NeuronProperty	pyramidal
121	8	10	2711	2718	Neuron	neurons
121	9	11	2785	2793	NeuronProperty	cortical
121	9	11	2785	2793	NeuronProperty	cortical
121	9	11	2798	2809	NeuronProperty	hippocampal
121	9	11	2810	2819	NeuronProperty	pyramidal
121	9	11	2820	2827	Neuron	neurons
121	10	11	2785	2793	NeuronProperty	cortical
121	10	11	2785	2793	NeuronProperty	cortical
121	10	11	2798	2809	NeuronProperty	hippocampal
121	10	11	2810	2819	NeuronProperty	pyramidal
121	10	11	2820	2827	Neuron	neurons
121	11	11	2798	2809	NeuronProperty	hippocampal
121	11	11	2810	2819	NeuronProperty	pyramidal
121	11	11	2820	2827	Neuron	neurons
121	12	11	2810	2819	NeuronProperty	pyramidal
121	12	11	2820	2827	Neuron	neurons
121	13	12	3091	3100	NeuronProperty	pyramidal
121	13	12	3101	3108	Neuron	neurons
121	14	13	3500	3511	NeuronProperty	hippocampal
121	14	13	3512	3521	NeuronProperty	pyramidal
121	14	13	3522	3529	Neuron	neurons
121	15	13	3512	3521	NeuronProperty	pyramidal
121	15	13	3522	3529	Neuron	neurons
121	16	22	5105	5110	NeuronProperty	brain
121	16	22	5111	5118	Neuron	neurons
121	17	22	5127	5135	NeuronProperty	cultured
121	17	22	5136	5143	Neuron	neurons
121	18	26	5655	5663	NeuronProperty	cultured
121	18	26	5664	5671	Neuron	neurons
121	19	27	5699	5707	NeuronProperty	Cultured
121	19	27	5708	5715	Neuron	neurons
121	20	28	5862	5871	NeuronProperty	pyramidal
121	20	28	5872	5879	Neuron	neurons
121	21	29	5961	5970	NeuronProperty	pyramidal
121	21	29	5971	5977	Neuron	neuron
121	22	30	6036	6047	NeuronProperty	hippocampal
121	22	30	6048	6057	NeuronProperty	pyramidal
121	22	30	6058	6065	Neuron	neurons
121	23	30	6048	6057	NeuronProperty	pyramidal
121	23	30	6058	6065	Neuron	neurons
121	24	37	7303	7313	NeuronProperty	individual
121	24	37	7314	7321	Neuron	neurons
121	25	39	8094	8102	NeuronProperty	cultured
121	25	39	8103	8114	NeuronProperty	hippocampal
121	25	39	8115	8122	Neuron	neurons
121	26	39	8103	8114	NeuronProperty	hippocampal
121	26	39	8115	8122	Neuron	neurons
121	27	39	8126	8132	NeuronProperty	single
121	27	39	8133	8139	Neuron	neuron
121	28	42	8911	8919	NeuronProperty	cultured
121	28	42	8920	8931	NeuronProperty	hippocampal
121	28	42	8932	8939	Neuron	neurons
121	29	42	8920	8931	NeuronProperty	hippocampal
121	29	42	8932	8939	Neuron	neurons
121	30	43	9181	9190	NeuronProperty	pyramidal
121	30	43	9191	9198	Neuron	neurons
121	31	45	9742	9745	NeuronProperty	rat
121	31	45	9746	9757	NeuronProperty	hippocampal
121	31	45	9758	9765	Neuron	neurons
121	32	45	9746	9757	NeuronProperty	hippocampal
121	32	45	9758	9765	Neuron	neurons
121	33	46	10045	10053	NeuronProperty	cultured
121	33	46	10054	10065	NeuronProperty	hippocampal
121	33	46	10066	10073	Neuron	neurons
121	34	46	10054	10065	NeuronProperty	hippocampal
121	34	46	10066	10073	Neuron	neurons
121	35	49	10254	10262	NeuronProperty	Cultured
121	35	49	10263	10274	NeuronProperty	hippocampal
121	35	49	10275	10282	Neuron	neurons
121	36	49	10263	10274	NeuronProperty	hippocampal
121	36	49	10275	10282	Neuron	neurons
121	37	57	12157	12168	NeuronProperty	hippocampal
121	37	57	12169	12178	NeuronProperty	pyramidal
121	37	57	12179	12186	Neuron	neurons
121	38	57	12169	12178	NeuronProperty	pyramidal
121	38	57	12179	12186	Neuron	neurons
121	39	59	12425	12433	NeuronProperty	cultured
121	39	59	12434	12437	NeuronProperty	rat
121	39	59	12438	12449	NeuronProperty	hippocampal
121	39	59	12450	12457	Neuron	neurons
121	40	59	12434	12437	NeuronProperty	rat
121	40	59	12438	12449	NeuronProperty	hippocampal
121	40	59	12450	12457	Neuron	neurons
121	41	59	12438	12449	NeuronProperty	hippocampal
121	41	59	12450	12457	Neuron	neurons
121	42	60	12605	12613	NeuronProperty	cultured
121	42	60	12614	12617	NeuronProperty	rat
121	42	60	12618	12629	NeuronProperty	hippocampal
121	42	60	12630	12639	NeuronProperty	pyramidal
121	42	60	12640	12646	Neuron	neuron
121	43	60	12614	12617	NeuronProperty	rat
121	43	60	12618	12629	NeuronProperty	hippocampal
121	43	60	12630	12639	NeuronProperty	pyramidal
121	43	60	12640	12646	Neuron	neuron
121	44	60	12618	12629	NeuronProperty	hippocampal
121	44	60	12630	12639	NeuronProperty	pyramidal
121	44	60	12640	12646	Neuron	neuron
121	45	60	12630	12639	NeuronProperty	pyramidal
121	45	60	12640	12646	Neuron	neuron
121	46	61	12905	12913	NeuronProperty	cultured
121	46	61	12914	12917	NeuronProperty	rat
121	46	61	12918	12929	NeuronProperty	hippocampal
121	46	61	12930	12939	NeuronProperty	pyramidal
121	46	61	12940	12947	Neuron	neurons
121	47	61	12914	12917	NeuronProperty	rat
121	47	61	12918	12929	NeuronProperty	hippocampal
121	47	61	12930	12939	NeuronProperty	pyramidal
121	47	61	12940	12947	Neuron	neurons
121	48	61	12918	12929	NeuronProperty	hippocampal
121	48	61	12930	12939	NeuronProperty	pyramidal
121	48	61	12940	12947	Neuron	neurons
121	49	61	12930	12939	NeuronProperty	pyramidal
121	49	61	12940	12947	Neuron	neurons
121	50	64	13562	13573	NeuronProperty	hippocampal
121	50	64	13574	13581	Neuron	neurons
121	51	65	13752	13760	NeuronProperty	cultured
121	51	65	13761	13772	NeuronProperty	hippocampal
121	51	65	13773	13780	Neuron	neurons
121	52	65	13761	13772	NeuronProperty	hippocampal
121	52	65	13773	13780	Neuron	neurons
121	53	67	14248	14255	NeuronProperty	retinal
121	53	67	14256	14264	NeuronProperty	ganglion
121	53	67	14265	14272	Neuron	neurons
121	54	67	14256	14264	NeuronProperty	ganglion
121	54	67	14265	14272	Neuron	neurons
121	55	68	14471	14479	NeuronProperty	cultured
121	55	68	14480	14483	NeuronProperty	rat
121	55	68	14484	14495	NeuronProperty	hippocampal
121	55	68	14496	14503	Neuron	neurons
121	56	68	14480	14483	NeuronProperty	rat
121	56	68	14484	14495	NeuronProperty	hippocampal
121	56	68	14496	14503	Neuron	neurons
121	57	68	14484	14495	NeuronProperty	hippocampal
121	57	68	14496	14503	Neuron	neurons
121	58	68	14549	14557	NeuronProperty	cultured
121	58	68	14558	14569	NeuronProperty	hippocampal
121	58	68	14570	14577	Neuron	neurons
121	59	68	14558	14569	NeuronProperty	hippocampal
121	59	68	14570	14577	Neuron	neurons
121	60	69	14801	14809	NeuronProperty	cultured
121	60	69	14810	14817	Neuron	neurons
121	61	71	15032	15043	NeuronProperty	hippocampal
121	61	71	15044	15051	Neuron	neurons
121	62	72	15293	15304	NeuronProperty	hippocampal
121	62	72	15305	15314	NeuronProperty	pyramidal
121	62	72	15315	15322	Neuron	neurons
121	63	72	15305	15314	NeuronProperty	pyramidal
121	63	72	15315	15322	Neuron	neurons
121	64	73	15744	15752	NeuronProperty	cultured
121	64	73	15753	15760	Neuron	neurons
121	65	79	17068	17076	NeuronProperty	cultured
121	65	79	17077	17088	NeuronProperty	hippocampal
121	65	79	17089	17096	Neuron	neurons
121	66	79	17077	17088	NeuronProperty	hippocampal
121	66	79	17089	17096	Neuron	neurons
121	67	79	17149	17154	NeuronProperty	brain
121	67	79	17155	17162	Neuron	neurons
121	68	86	18061	18070	NeuronProperty	pyramidal
121	68	86	18071	18078	Neuron	neurons
121	69	87	18314	18322	NeuronProperty	cultured
121	69	87	18323	18330	Neuron	neurons
121	70	90	18922	18925	NeuronProperty	CA1
121	70	90	18922	18924	NeuronProperty	CA
121	70	90	18926	18937	NeuronProperty	hippocampal
121	70	90	18938	18945	Neuron	neurons
121	71	90	18926	18937	NeuronProperty	hippocampal
121	71	90	18938	18945	Neuron	neurons
121	72	98	20422	20432	NeuronProperty	developing
121	72	98	20433	20444	NeuronProperty	hippocampal
121	72	98	20445	20452	Neuron	neurons
121	73	98	20433	20444	NeuronProperty	hippocampal
121	73	98	20445	20452	Neuron	neurons
121	74	99	20564	20569	NeuronProperty	large
121	74	99	20570	20577	NeuronProperty	layer 5
121	74	99	20578	20586	NeuronProperty	cortical
121	74	99	20578	20586	NeuronProperty	cortical
121	74	99	20587	20596	NeuronProperty	pyramidal
121	74	99	20597	20604	Neuron	neurons
121	75	99	20564	20569	NeuronProperty	large
121	75	99	20570	20577	NeuronProperty	layer 5
121	75	99	20578	20586	NeuronProperty	cortical
121	75	99	20578	20586	NeuronProperty	cortical
121	75	99	20587	20596	NeuronProperty	pyramidal
121	75	99	20597	20604	Neuron	neurons
121	76	99	20570	20577	NeuronProperty	layer 5
121	76	99	20578	20586	NeuronProperty	cortical
121	76	99	20578	20586	NeuronProperty	cortical
121	76	99	20587	20596	NeuronProperty	pyramidal
121	76	99	20597	20604	Neuron	neurons
121	77	99	20570	20577	NeuronProperty	layer 5
121	77	99	20578	20586	NeuronProperty	cortical
121	77	99	20578	20586	NeuronProperty	cortical
121	77	99	20587	20596	NeuronProperty	pyramidal
121	77	99	20597	20604	Neuron	neurons
121	78	99	20578	20586	NeuronProperty	cortical
121	78	99	20578	20586	NeuronProperty	cortical
121	78	99	20587	20596	NeuronProperty	pyramidal
121	78	99	20597	20604	Neuron	neurons
121	79	99	20578	20586	NeuronProperty	cortical
121	79	99	20578	20586	NeuronProperty	cortical
121	79	99	20587	20596	NeuronProperty	pyramidal
121	79	99	20597	20604	Neuron	neurons
121	80	99	20587	20596	NeuronProperty	pyramidal
121	80	99	20597	20604	Neuron	neurons
121	81	101	20820	20831	NeuronProperty	hippocampal
121	81	101	20832	20835	NeuronProperty	CA1
121	81	101	20832	20834	NeuronProperty	CA
121	81	101	20836	20845	NeuronProperty	pyramidal
121	81	101	20846	20853	Neuron	neurons
121	82	101	20832	20835	NeuronProperty	CA1
121	82	101	20832	20834	NeuronProperty	CA
121	82	101	20836	20845	NeuronProperty	pyramidal
121	82	101	20846	20853	Neuron	neurons
121	83	101	20836	20845	NeuronProperty	pyramidal
121	83	101	20846	20853	Neuron	neurons
121	84	102	20935	20938	NeuronProperty	CA1
121	84	102	20935	20937	NeuronProperty	CA
121	84	102	20939	20950	NeuronProperty	hippocampal
121	84	102	20951	20960	NeuronProperty	pyramidal
121	84	102	20961	20968	Neuron	neurons
121	85	102	20939	20950	NeuronProperty	hippocampal
121	85	102	20951	20960	NeuronProperty	pyramidal
121	85	102	20961	20968	Neuron	neurons
121	86	102	20951	20960	NeuronProperty	pyramidal
121	86	102	20961	20968	Neuron	neurons
121	87	103	21014	21022	NeuronProperty	cortical
121	87	103	21014	21022	NeuronProperty	cortical
121	87	103	21023	21032	NeuronProperty	pyramidal
121	87	103	21033	21040	Neuron	neurons
121	88	103	21014	21022	NeuronProperty	cortical
121	88	103	21014	21022	NeuronProperty	cortical
121	88	103	21023	21032	NeuronProperty	pyramidal
121	88	103	21033	21040	Neuron	neurons
121	89	103	21023	21032	NeuronProperty	pyramidal
121	89	103	21033	21040	Neuron	neurons
121	90	104	21160	21171	NeuronProperty	hippocampal
121	90	104	21176	21184	NeuronProperty	cortical
121	90	104	21176	21184	NeuronProperty	cortical
121	90	104	21185	21194	NeuronProperty	principal
121	90	104	21195	21202	Neuron	neurons
121	91	104	21160	21171	NeuronProperty	hippocampal
121	91	104	21176	21184	NeuronProperty	cortical
121	91	104	21176	21184	NeuronProperty	cortical
121	91	104	21185	21194	NeuronProperty	principal
121	91	104	21195	21202	Neuron	neurons
121	92	104	21160	21171	NeuronProperty	hippocampal
121	92	104	21176	21184	NeuronProperty	cortical
121	92	104	21176	21184	NeuronProperty	cortical
121	92	104	21185	21194	NeuronProperty	principal
121	92	104	21195	21202	Neuron	neurons
121	93	104	21160	21171	NeuronProperty	hippocampal
121	93	104	21176	21184	NeuronProperty	cortical
121	93	104	21176	21184	NeuronProperty	cortical
121	93	104	21185	21194	NeuronProperty	principal
121	93	104	21195	21202	Neuron	neurons
121	94	104	21176	21184	NeuronProperty	cortical
121	94	104	21176	21184	NeuronProperty	cortical
121	94	104	21185	21194	NeuronProperty	principal
121	94	104	21195	21202	Neuron	neurons
121	95	104	21176	21184	NeuronProperty	cortical
121	95	104	21176	21184	NeuronProperty	cortical
121	95	104	21185	21194	NeuronProperty	principal
121	95	104	21195	21202	Neuron	neurons
121	96	104	21185	21194	NeuronProperty	principal
121	96	104	21195	21202	Neuron	neurons
121	97	104	21207	21217	NeuronProperty	inhibitory
121	97	104	21218	21230	Neuron	interneurons
121	98	105	21288	21297	NeuronProperty	pyramidal
121	98	105	21298	21304	Neuron	neuron
121	99	106	21387	21394	NeuronProperty	layer V
121	99	106	21395	21406	NeuronProperty	neocortical
121	99	106	21407	21416	NeuronProperty	pyramidal
121	99	106	21417	21424	Neuron	neurons
121	100	106	21395	21406	NeuronProperty	neocortical
121	100	106	21407	21416	NeuronProperty	pyramidal
121	100	106	21417	21424	Neuron	neurons
121	101	106	21407	21416	NeuronProperty	pyramidal
121	101	106	21417	21424	Neuron	neurons
121	102	107	21455	21462	NeuronProperty	layer 5
121	102	107	21463	21474	NeuronProperty	neocortical
121	102	107	21475	21484	NeuronProperty	pyramidal
121	102	107	21485	21493	Neuron	neurones
121	103	107	21463	21474	NeuronProperty	neocortical
121	103	107	21475	21484	NeuronProperty	pyramidal
121	103	107	21485	21493	Neuron	neurones
121	104	107	21475	21484	NeuronProperty	pyramidal
121	104	107	21485	21493	Neuron	neurones
121	105	108	21549	21560	NeuronProperty	hippocampal
121	105	108	21561	21568	Neuron	neurons
121	106	109	21639	21642	NeuronProperty	rat
121	106	109	21643	21654	NeuronProperty	hippocampal
121	106	109	21655	21662	Neuron	neurons
121	107	109	21643	21654	NeuronProperty	hippocampal
121	107	109	21655	21662	Neuron	neurons
121	108	110	21804	21815	NeuronProperty	sympathetic
121	108	110	21816	21823	Neuron	neurons
121	109	112	21996	22008	NeuronProperty	fast-spiking
121	109	112	22009	22021	Neuron	interneurons
121	110	112	22026	22035	NeuronProperty	pyramidal
121	110	112	22036	22043	Neuron	neurons
121	111	117	22616	22619	NeuronProperty	rat
121	111	117	22620	22631	NeuronProperty	hippocampal
121	111	117	22632	22639	Neuron	neurons
121	112	117	22620	22631	NeuronProperty	hippocampal
121	112	117	22632	22639	Neuron	neurons
121	113	125	23448	23451	NeuronProperty	rat
121	113	125	23452	23459	NeuronProperty	retinal
121	113	125	23460	23468	NeuronProperty	ganglion
121	113	125	23469	23474	Neuron	cells
121	114	125	23452	23459	NeuronProperty	retinal
121	114	125	23460	23468	NeuronProperty	ganglion
121	114	125	23469	23474	Neuron	cells
121	115	125	23460	23468	NeuronProperty	ganglion
121	115	125	23469	23474	Neuron	cells
121	116	126	23536	23547	NeuronProperty	neocortical
121	116	126	23548	23555	Neuron	neurons
121	117	128	23747	23758	NeuronProperty	hippocampal
121	117	128	23759	23768	NeuronProperty	pyramidal
121	117	128	23769	23776	Neuron	neurons
121	118	128	23759	23768	NeuronProperty	pyramidal
121	118	128	23769	23776	Neuron	neurons
129	119	134	1080	1091	NeuronProperty	cholinergic
129	119	134	1092	1097	Neuron	cells
711	120	148	103	110	NeuronProperty	central
711	120	148	111	124	NeuronProperty	noradrenergic
711	120	148	125	132	Neuron	neurons
711	121	148	111	124	NeuronProperty	noradrenergic
711	121	148	125	132	Neuron	neurons
711	122	149	448	455	NeuronProperty	central
711	122	149	456	469	NeuronProperty	noradrenergic
711	122	149	470	477	Neuron	neurons
711	123	149	456	469	NeuronProperty	noradrenergic
711	123	149	470	477	Neuron	neurons
711	124	150	736	746	NeuronProperty	peripheral
711	124	150	751	758	NeuronProperty	central
711	124	150	759	769	NeuronProperty	adrenergic
711	124	150	770	777	Neuron	neurons
711	125	150	751	758	NeuronProperty	central
711	125	150	759	769	NeuronProperty	adrenergic
711	125	150	770	777	Neuron	neurons
711	126	150	759	769	NeuronProperty	adrenergic
711	126	150	770	777	Neuron	neurons
730	127	151	582	589	NeuronProperty	sensory
730	127	151	590	595	Neuron	cells
730	128	152	760	767	NeuronProperty	sensory
730	128	152	768	773	Neuron	cells
730	129	153	932	939	NeuronProperty	retinal
730	129	153	940	947	Neuron	neurons
730	130	155	1118	1125	NeuronProperty	sensory
730	130	155	1126	1131	Neuron	cells
730	131	156	1280	1286	NeuronProperty	single
730	131	156	1287	1291	Neuron	cell
730	132	160	2182	2190	NeuronProperty	cochlear
730	132	160	2191	2196	NeuronProperty	inner
730	132	160	2197	2201	NeuronProperty	hair
730	132	160	2202	2207	Neuron	cells
730	133	160	2191	2196	NeuronProperty	inner
730	133	160	2197	2201	NeuronProperty	hair
730	133	160	2202	2207	Neuron	cells
730	134	160	2197	2201	NeuronProperty	hair
730	134	160	2202	2207	Neuron	cells
730	135	162	2562	2575	NeuronProperty	photoreceptor
730	135	162	2576	2581	Neuron	cells
730	136	165	3077	3084	NeuronProperty	retinal
730	136	165	3085	3092	Neuron	neurons
730	137	166	3202	3209	NeuronProperty	bipolar
730	137	166	3210	3214	Neuron	cell
730	138	172	4518	4528	NeuronProperty	cerebellar
730	138	172	4529	4537	NeuronProperty	Purkinje
730	138	172	4538	4543	Neuron	cells
730	139	172	4529	4537	NeuronProperty	Purkinje
730	139	172	4538	4543	Neuron	cells
730	140	174	4925	4935	NeuronProperty	cerebellar
730	140	174	4936	4943	NeuronProperty	granule
730	140	174	4944	4949	Neuron	cells
730	141	174	4936	4943	NeuronProperty	granule
730	141	174	4944	4949	Neuron	cells
730	142	175	5028	5036	NeuronProperty	Purkinje
730	142	175	5037	5042	Neuron	cells
730	143	175	5335	5343	NeuronProperty	Purkinje
730	143	175	5344	5349	Neuron	cells
730	144	180	6008	6015	NeuronProperty	retinal
730	144	180	6016	6023	NeuronProperty	bipolar
730	144	180	6024	6029	Neuron	cells
730	145	180	6016	6023	NeuronProperty	bipolar
730	145	180	6024	6029	Neuron	cells
730	146	181	6146	6156	NeuronProperty	cerebellar
730	146	181	6157	6165	NeuronProperty	Purkinje
730	146	181	6166	6171	Neuron	cells
730	147	181	6157	6165	NeuronProperty	Purkinje
730	147	181	6166	6171	Neuron	cells
730	148	182	6289	6297	NeuronProperty	Purkinje
730	148	182	6298	6302	Neuron	cell
859	149	193	1067	1075	NeuronProperty	neuronal
859	149	193	1076	1080	Neuron	cell
875	150	205	78	88	NeuronProperty	Inhibitory
875	150	205	89	101	Neuron	Interneurons
875	151	206	1164	1184	NeuronProperty	parvalbumin-positive
875	151	206	1176	1184	NeuronProperty	positive
875	151	206	1185	1197	Neuron	interneurons
875	152	206	1176	1184	NeuronProperty	positive
875	152	206	1185	1197	Neuron	interneurons
875	153	207	1274	1286	NeuronProperty	fast-spiking
875	153	207	1288	1298	NeuronProperty	inhibitory
875	153	207	1299	1304	Neuron	cells
875	154	207	1288	1298	NeuronProperty	inhibitory
875	154	207	1299	1304	Neuron	cells
875	155	208	1449	1457	NeuronProperty	positive
875	155	208	1458	1470	Neuron	interneurons
875	156	212	2432	2441	NeuronProperty	GABAergic
875	156	212	2432	2436	NeuronProperty	GABA
875	156	212	2442	2454	Neuron	interneurons
875	157	212	2466	2475	NeuronProperty	pyramidal
875	157	212	2476	2481	Neuron	cells
875	158	214	2873	2893	NeuronProperty	parvalbumin-positive
875	158	214	2885	2893	NeuronProperty	positive
875	158	214	2894	2906	Neuron	interneurons
875	159	214	2885	2893	NeuronProperty	positive
875	159	214	2894	2906	Neuron	interneurons
875	160	215	2996	3004	NeuronProperty	positive
875	160	215	3005	3017	Neuron	interneurons
875	161	215	3027	3036	NeuronProperty	pyramidal
875	161	215	3037	3044	Neuron	neurons
875	162	216	3180	3187	NeuronProperty	spiking
875	162	216	3188	3200	Neuron	interneurons
875	163	232	6079	6087	NeuronProperty	neuronal
875	163	232	6088	6092	Neuron	cell
875	164	233	6172	6192	NeuronProperty	parvalbumin-positive
875	164	233	6184	6192	NeuronProperty	positive
875	164	233	6193	6205	Neuron	interneurons
875	165	233	6184	6192	NeuronProperty	positive
875	165	233	6193	6205	Neuron	interneurons
875	166	235	6686	6697	NeuronProperty	neocortical
875	166	235	6698	6705	Neuron	neurons
875	167	238	7323	7331	NeuronProperty	positive
875	167	238	7332	7343	Neuron	interneuron
875	168	239	7697	7705	NeuronProperty	positive
875	168	239	7706	7718	Neuron	interneurons
875	169	240	7852	7872	NeuronProperty	parvalbumin-positive
875	169	240	7864	7872	NeuronProperty	positive
875	169	240	7873	7885	Neuron	interneurons
875	170	240	7864	7872	NeuronProperty	positive
875	170	240	7873	7885	Neuron	interneurons
875	171	241	8066	8078	NeuronProperty	nonpyramidal
875	171	241	8079	8084	Neuron	cells
875	172	241	8226	8235	NeuronProperty	pyramidal
875	172	241	8236	8240	Neuron	cell
875	173	242	8409	8418	NeuronProperty	pyramidal
875	173	242	8423	8435	NeuronProperty	nonpyramidal
875	173	242	8436	8441	Neuron	cells
875	174	242	8423	8435	NeuronProperty	nonpyramidal
875	174	242	8436	8441	Neuron	cells
875	175	243	8620	8628	NeuronProperty	positive
875	175	243	8629	8641	Neuron	interneurons
875	176	244	8684	8692	NeuronProperty	positive
875	176	244	8693	8705	Neuron	interneurons
875	177	244	8756	8770	NeuronProperty	immunoreactive
875	177	244	8771	8776	Neuron	cells
875	178	245	8932	8940	NeuronProperty	positive
875	178	245	8941	8953	Neuron	interneurons
875	179	246	9038	9046	NeuronProperty	positive
875	179	246	9047	9059	Neuron	interneurons
875	180	247	9201	9213	NeuronProperty	nonpyramidal
875	180	247	9214	9219	Neuron	cells
875	181	247	9247	9255	NeuronProperty	positive
875	181	247	9256	9268	Neuron	interneurons
875	182	248	9347	9356	NeuronProperty	pyramidal
875	182	248	9357	9361	Neuron	cell
875	183	249	9550	9558	NeuronProperty	positive
875	183	249	9559	9571	Neuron	interneurons
875	184	251	9901	9909	NeuronProperty	Purkinje
875	184	251	9910	9914	Neuron	cell
875	185	252	10034	10040	NeuronProperty	basket
875	185	252	10041	10046	Neuron	cells
875	186	253	10199	10207	NeuronProperty	Purkinje
875	186	253	10208	10213	Neuron	cells
875	187	254	10377	10385	NeuronProperty	Purkinje
875	187	254	10386	10391	Neuron	cells
875	188	255	10558	10572	NeuronProperty	immunoreactive
875	188	255	10573	10580	Neuron	neurons
875	189	256	10712	10732	NeuronProperty	parvalbumin-positive
875	189	256	10724	10732	NeuronProperty	positive
875	189	256	10733	10745	Neuron	interneurons
875	190	256	10724	10732	NeuronProperty	positive
875	190	256	10733	10745	Neuron	interneurons
875	191	257	10808	10819	NeuronProperty	neocortical
875	191	257	10820	10832	NeuronProperty	fast-spiking
875	191	257	10833	10845	Neuron	interneurons
875	192	257	10820	10832	NeuronProperty	fast-spiking
875	192	257	10833	10845	Neuron	interneurons
875	193	258	10932	10940	NeuronProperty	cortical
875	193	258	10932	10940	NeuronProperty	cortical
875	193	258	10941	10949	NeuronProperty	positive
875	193	258	10950	10962	Neuron	interneurons
875	194	258	10932	10940	NeuronProperty	cortical
875	194	258	10932	10940	NeuronProperty	cortical
875	194	258	10941	10949	NeuronProperty	positive
875	194	258	10950	10962	Neuron	interneurons
875	195	258	10941	10949	NeuronProperty	positive
875	195	258	10950	10962	Neuron	interneurons
875	196	259	11106	11118	NeuronProperty	fast-spiking
875	196	259	11119	11131	Neuron	interneurons
875	197	261	11318	11326	NeuronProperty	positive
875	197	261	11328	11340	NeuronProperty	fast-spiking
875	197	261	11341	11353	Neuron	interneurons
875	198	261	11328	11340	NeuronProperty	fast-spiking
875	198	261	11341	11353	Neuron	interneurons
875	199	264	11865	11874	NeuronProperty	pyramidal
875	199	264	11875	11882	Neuron	neurons
875	200	266	12264	12272	NeuronProperty	positive
875	200	266	12274	12286	NeuronProperty	fast-spiking
875	200	266	12287	12299	Neuron	interneurons
875	201	266	12274	12286	NeuronProperty	fast-spiking
875	201	266	12287	12299	Neuron	interneurons
875	202	267	12405	12416	NeuronProperty	neocortical
875	202	267	12417	12426	NeuronProperty	pyramidal
875	202	267	12427	12432	Neuron	cells
875	203	267	12417	12426	NeuronProperty	pyramidal
875	203	267	12427	12432	Neuron	cells
875	204	268	12528	12536	NeuronProperty	Purkinje
875	204	268	12537	12542	Neuron	cells
875	205	269	12620	12628	NeuronProperty	Purkinje
875	205	269	12629	12633	Neuron	cell
875	206	269	12644	12651	NeuronProperty	granule
875	206	269	12652	12656	Neuron	cell
875	207	282	15530	15537	NeuronProperty	retinal
875	207	282	15538	15546	NeuronProperty	ganglion
875	207	282	15547	15552	Neuron	cells
875	208	282	15538	15546	NeuronProperty	ganglion
875	208	282	15547	15552	Neuron	cells
875	209	283	15658	15667	NeuronProperty	pyramidal
875	209	283	15668	15673	Neuron	cells
875	210	283	16043	16055	NeuronProperty	nonpyramidal
875	210	283	16056	16061	Neuron	cells
875	211	283	16063	16072	NeuronProperty	pyramidal
875	211	283	16073	16078	Neuron	cells
875	212	287	16876	16884	NeuronProperty	positive
875	212	287	16885	16897	Neuron	interneurons
875	213	288	16966	16978	NeuronProperty	fast-spiking
875	213	288	16979	16991	Neuron	interneurons
875	214	288	17019	17027	NeuronProperty	positive
875	214	288	17028	17040	Neuron	interneurons
875	215	289	17372	17380	NeuronProperty	Cortical
875	215	289	17372	17380	NeuronProperty	Cortical
875	215	289	17381	17389	NeuronProperty	positive
875	215	289	17390	17402	Neuron	interneurons
875	216	289	17372	17380	NeuronProperty	Cortical
875	216	289	17372	17380	NeuronProperty	Cortical
875	216	289	17381	17389	NeuronProperty	positive
875	216	289	17390	17402	Neuron	interneurons
875	217	289	17381	17389	NeuronProperty	positive
875	217	289	17390	17402	Neuron	interneurons
875	218	289	17434	17440	NeuronProperty	basket
875	218	289	17445	17455	NeuronProperty	chandelier
875	218	289	17456	17461	Neuron	cells
875	219	289	17445	17455	NeuronProperty	chandelier
875	219	289	17456	17461	Neuron	cells
875	220	289	17553	17562	NeuronProperty	pyramidal
875	220	289	17563	17568	Neuron	cells
875	221	291	18023	18031	NeuronProperty	positive
875	221	291	18032	18044	Neuron	interneurons
875	222	292	18085	18096	NeuronProperty	Neocortical
875	222	292	18097	18105	NeuronProperty	positive
875	222	292	18106	18118	Neuron	interneurons
875	223	292	18097	18105	NeuronProperty	positive
875	223	292	18106	18118	Neuron	interneurons
875	224	293	18265	18273	NeuronProperty	positive
875	224	293	18274	18286	Neuron	interneurons
875	225	294	18571	18579	NeuronProperty	positive
875	225	294	18580	18592	Neuron	interneurons
875	226	297	19240	19248	NeuronProperty	positive
875	226	297	19249	19261	Neuron	interneurons
875	227	298	19486	19494	NeuronProperty	Cortical
875	227	298	19486	19494	NeuronProperty	Cortical
875	227	298	19495	19503	NeuronProperty	positive
875	227	298	19504	19516	Neuron	interneurons
875	228	298	19486	19494	NeuronProperty	Cortical
875	228	298	19486	19494	NeuronProperty	Cortical
875	228	298	19495	19503	NeuronProperty	positive
875	228	298	19504	19516	Neuron	interneurons
875	229	298	19495	19503	NeuronProperty	positive
875	229	298	19504	19516	Neuron	interneurons
875	230	299	19699	19709	NeuronProperty	developing
875	230	299	19710	19716	NeuronProperty	visual
875	230	299	19717	19723	NeuronProperty	cortex
875	230	299	19725	19733	NeuronProperty	positive
875	230	299	19734	19746	Neuron	interneurons
875	231	299	19710	19716	NeuronProperty	visual
875	231	299	19717	19723	NeuronProperty	cortex
875	231	299	19725	19733	NeuronProperty	positive
875	231	299	19734	19746	Neuron	interneurons
875	232	299	19717	19723	NeuronProperty	cortex
875	232	299	19725	19733	NeuronProperty	positive
875	232	299	19734	19746	Neuron	interneurons
875	233	299	19725	19733	NeuronProperty	positive
875	233	299	19734	19746	Neuron	interneurons
875	234	300	19860	19868	NeuronProperty	positive
875	234	300	19869	19881	Neuron	interneurons
875	235	302	20107	20118	NeuronProperty	neocortical
875	235	302	20119	20129	NeuronProperty	inhibitory
875	235	302	20130	20142	Neuron	interneurons
875	236	302	20119	20129	NeuronProperty	inhibitory
875	236	302	20130	20142	Neuron	interneurons
875	237	303	20187	20193	NeuronProperty	basket
875	237	303	20194	20198	Neuron	cell
875	238	307	21044	21056	NeuronProperty	fast-spiking
875	238	307	21057	21062	Neuron	cells
875	239	308	21209	21219	NeuronProperty	inhibitory
875	239	308	21220	21232	Neuron	interneurons
875	240	309	21351	21356	NeuronProperty	human
875	240	309	21357	21365	NeuronProperty	cortical
875	240	309	21357	21365	NeuronProperty	cortical
875	240	309	21366	21375	NeuronProperty	pyramidal
875	240	309	21376	21381	Neuron	cells
875	241	309	21351	21356	NeuronProperty	human
875	241	309	21357	21365	NeuronProperty	cortical
875	241	309	21357	21365	NeuronProperty	cortical
875	241	309	21366	21375	NeuronProperty	pyramidal
875	241	309	21376	21381	Neuron	cells
875	242	309	21357	21365	NeuronProperty	cortical
875	242	309	21357	21365	NeuronProperty	cortical
875	242	309	21366	21375	NeuronProperty	pyramidal
875	242	309	21376	21381	Neuron	cells
875	243	309	21357	21365	NeuronProperty	cortical
875	243	309	21357	21365	NeuronProperty	cortical
875	243	309	21366	21375	NeuronProperty	pyramidal
875	243	309	21376	21381	Neuron	cells
875	244	309	21366	21375	NeuronProperty	pyramidal
875	244	309	21376	21381	Neuron	cells
875	245	309	21410	21420	NeuronProperty	chandelier
875	245	309	21421	21426	Neuron	cells
875	246	310	21509	21517	NeuronProperty	Purkinje
875	246	310	21518	21525	Neuron	neurons
875	247	311	21704	21713	NeuronProperty	GABAergic
875	247	311	21704	21708	NeuronProperty	GABA
875	247	311	21714	21725	Neuron	interneuron
875	248	312	21893	21904	NeuronProperty	hippocampal
875	248	312	21905	21917	Neuron	interneurons
875	249	316	22493	22504	NeuronProperty	hippocampal
875	249	316	22505	22516	Neuron	interneuron
875	250	317	22683	22690	NeuronProperty	central
875	250	317	22691	22698	Neuron	neurons
875	251	318	22850	22859	NeuronProperty	GABAergic
875	251	318	22850	22854	NeuronProperty	GABA
875	251	318	22860	22872	Neuron	interneurons
876	252	319	78	88	NeuronProperty	Inhibitory
876	252	319	89	101	Neuron	Interneurons
876	253	320	1164	1184	NeuronProperty	parvalbumin-positive
876	253	320	1176	1184	NeuronProperty	positive
876	253	320	1185	1197	Neuron	interneurons
876	254	320	1176	1184	NeuronProperty	positive
876	254	320	1185	1197	Neuron	interneurons
876	255	321	1274	1286	NeuronProperty	fast-spiking
876	255	321	1288	1298	NeuronProperty	inhibitory
876	255	321	1299	1304	Neuron	cells
876	256	321	1288	1298	NeuronProperty	inhibitory
876	256	321	1299	1304	Neuron	cells
876	257	322	1449	1457	NeuronProperty	positive
876	257	322	1458	1470	Neuron	interneurons
876	258	326	2432	2441	NeuronProperty	GABAergic
876	258	326	2432	2436	NeuronProperty	GABA
876	258	326	2442	2454	Neuron	interneurons
876	259	326	2466	2475	NeuronProperty	pyramidal
876	259	326	2476	2481	Neuron	cells
876	260	328	2873	2893	NeuronProperty	parvalbumin-positive
876	260	328	2885	2893	NeuronProperty	positive
876	260	328	2894	2906	Neuron	interneurons
876	261	328	2885	2893	NeuronProperty	positive
876	261	328	2894	2906	Neuron	interneurons
876	262	329	2996	3004	NeuronProperty	positive
876	262	329	3005	3017	Neuron	interneurons
876	263	329	3027	3036	NeuronProperty	pyramidal
876	263	329	3037	3044	Neuron	neurons
876	264	330	3180	3187	NeuronProperty	spiking
876	264	330	3188	3200	Neuron	interneurons
876	265	346	6079	6087	NeuronProperty	neuronal
876	265	346	6088	6092	Neuron	cell
876	266	347	6172	6192	NeuronProperty	parvalbumin-positive
876	266	347	6184	6192	NeuronProperty	positive
876	266	347	6193	6205	Neuron	interneurons
876	267	347	6184	6192	NeuronProperty	positive
876	267	347	6193	6205	Neuron	interneurons
876	268	349	6686	6697	NeuronProperty	neocortical
876	268	349	6698	6705	Neuron	neurons
876	269	352	7323	7331	NeuronProperty	positive
876	269	352	7332	7343	Neuron	interneuron
876	270	353	7697	7705	NeuronProperty	positive
876	270	353	7706	7718	Neuron	interneurons
876	271	354	7852	7872	NeuronProperty	parvalbumin-positive
876	271	354	7864	7872	NeuronProperty	positive
876	271	354	7873	7885	Neuron	interneurons
876	272	354	7864	7872	NeuronProperty	positive
876	272	354	7873	7885	Neuron	interneurons
876	273	355	8066	8078	NeuronProperty	nonpyramidal
876	273	355	8079	8084	Neuron	cells
876	274	355	8226	8235	NeuronProperty	pyramidal
876	274	355	8236	8240	Neuron	cell
876	275	356	8409	8418	NeuronProperty	pyramidal
876	275	356	8423	8435	NeuronProperty	nonpyramidal
876	275	356	8436	8441	Neuron	cells
876	276	356	8423	8435	NeuronProperty	nonpyramidal
876	276	356	8436	8441	Neuron	cells
876	277	357	8620	8628	NeuronProperty	positive
876	277	357	8629	8641	Neuron	interneurons
876	278	358	8684	8692	NeuronProperty	positive
876	278	358	8693	8705	Neuron	interneurons
876	279	358	8756	8770	NeuronProperty	immunoreactive
876	279	358	8771	8776	Neuron	cells
876	280	359	8932	8940	NeuronProperty	positive
876	280	359	8941	8953	Neuron	interneurons
876	281	360	9038	9046	NeuronProperty	positive
876	281	360	9047	9059	Neuron	interneurons
876	282	361	9201	9213	NeuronProperty	nonpyramidal
876	282	361	9214	9219	Neuron	cells
876	283	361	9247	9255	NeuronProperty	positive
876	283	361	9256	9268	Neuron	interneurons
876	284	362	9347	9356	NeuronProperty	pyramidal
876	284	362	9357	9361	Neuron	cell
876	285	363	9550	9558	NeuronProperty	positive
876	285	363	9559	9571	Neuron	interneurons
876	286	365	9901	9909	NeuronProperty	Purkinje
876	286	365	9910	9914	Neuron	cell
876	287	366	10034	10040	NeuronProperty	basket
876	287	366	10041	10046	Neuron	cells
876	288	367	10199	10207	NeuronProperty	Purkinje
876	288	367	10208	10213	Neuron	cells
876	289	368	10377	10385	NeuronProperty	Purkinje
876	289	368	10386	10391	Neuron	cells
876	290	369	10558	10572	NeuronProperty	immunoreactive
876	290	369	10573	10580	Neuron	neurons
876	291	370	10712	10732	NeuronProperty	parvalbumin-positive
876	291	370	10724	10732	NeuronProperty	positive
876	291	370	10733	10745	Neuron	interneurons
876	292	370	10724	10732	NeuronProperty	positive
876	292	370	10733	10745	Neuron	interneurons
876	293	371	10808	10819	NeuronProperty	neocortical
876	293	371	10820	10832	NeuronProperty	fast-spiking
876	293	371	10833	10845	Neuron	interneurons
876	294	371	10820	10832	NeuronProperty	fast-spiking
876	294	371	10833	10845	Neuron	interneurons
876	295	372	10932	10940	NeuronProperty	cortical
876	295	372	10932	10940	NeuronProperty	cortical
876	295	372	10941	10949	NeuronProperty	positive
876	295	372	10950	10962	Neuron	interneurons
876	296	372	10932	10940	NeuronProperty	cortical
876	296	372	10932	10940	NeuronProperty	cortical
876	296	372	10941	10949	NeuronProperty	positive
876	296	372	10950	10962	Neuron	interneurons
876	297	372	10941	10949	NeuronProperty	positive
876	297	372	10950	10962	Neuron	interneurons
876	298	373	11106	11118	NeuronProperty	fast-spiking
876	298	373	11119	11131	Neuron	interneurons
876	299	375	11318	11326	NeuronProperty	positive
876	299	375	11328	11340	NeuronProperty	fast-spiking
876	299	375	11341	11353	Neuron	interneurons
876	300	375	11328	11340	NeuronProperty	fast-spiking
876	300	375	11341	11353	Neuron	interneurons
876	301	378	11865	11874	NeuronProperty	pyramidal
876	301	378	11875	11882	Neuron	neurons
876	302	380	12264	12272	NeuronProperty	positive
876	302	380	12274	12286	NeuronProperty	fast-spiking
876	302	380	12287	12299	Neuron	interneurons
876	303	380	12274	12286	NeuronProperty	fast-spiking
876	303	380	12287	12299	Neuron	interneurons
876	304	381	12405	12416	NeuronProperty	neocortical
876	304	381	12417	12426	NeuronProperty	pyramidal
876	304	381	12427	12432	Neuron	cells
876	305	381	12417	12426	NeuronProperty	pyramidal
876	305	381	12427	12432	Neuron	cells
876	306	382	12528	12536	NeuronProperty	Purkinje
876	306	382	12537	12542	Neuron	cells
876	307	383	12620	12628	NeuronProperty	Purkinje
876	307	383	12629	12633	Neuron	cell
876	308	383	12644	12651	NeuronProperty	granule
876	308	383	12652	12656	Neuron	cell
876	309	396	15530	15537	NeuronProperty	retinal
876	309	396	15538	15546	NeuronProperty	ganglion
876	309	396	15547	15552	Neuron	cells
876	310	396	15538	15546	NeuronProperty	ganglion
876	310	396	15547	15552	Neuron	cells
876	311	397	15658	15667	NeuronProperty	pyramidal
876	311	397	15668	15673	Neuron	cells
876	312	397	16043	16055	NeuronProperty	nonpyramidal
876	312	397	16056	16061	Neuron	cells
876	313	397	16063	16072	NeuronProperty	pyramidal
876	313	397	16073	16078	Neuron	cells
876	314	401	16876	16884	NeuronProperty	positive
876	314	401	16885	16897	Neuron	interneurons
876	315	402	16966	16978	NeuronProperty	fast-spiking
876	315	402	16979	16991	Neuron	interneurons
876	316	402	17019	17027	NeuronProperty	positive
876	316	402	17028	17040	Neuron	interneurons
876	317	403	17372	17380	NeuronProperty	Cortical
876	317	403	17372	17380	NeuronProperty	Cortical
876	317	403	17381	17389	NeuronProperty	positive
876	317	403	17390	17402	Neuron	interneurons
876	318	403	17372	17380	NeuronProperty	Cortical
876	318	403	17372	17380	NeuronProperty	Cortical
876	318	403	17381	17389	NeuronProperty	positive
876	318	403	17390	17402	Neuron	interneurons
876	319	403	17381	17389	NeuronProperty	positive
876	319	403	17390	17402	Neuron	interneurons
876	320	403	17434	17440	NeuronProperty	basket
876	320	403	17445	17455	NeuronProperty	chandelier
876	320	403	17456	17461	Neuron	cells
876	321	403	17445	17455	NeuronProperty	chandelier
876	321	403	17456	17461	Neuron	cells
876	322	403	17553	17562	NeuronProperty	pyramidal
876	322	403	17563	17568	Neuron	cells
876	323	405	18023	18031	NeuronProperty	positive
876	323	405	18032	18044	Neuron	interneurons
876	324	406	18085	18096	NeuronProperty	Neocortical
876	324	406	18097	18105	NeuronProperty	positive
876	324	406	18106	18118	Neuron	interneurons
876	325	406	18097	18105	NeuronProperty	positive
876	325	406	18106	18118	Neuron	interneurons
876	326	407	18265	18273	NeuronProperty	positive
876	326	407	18274	18286	Neuron	interneurons
876	327	408	18571	18579	NeuronProperty	positive
876	327	408	18580	18592	Neuron	interneurons
876	328	411	19240	19248	NeuronProperty	positive
876	328	411	19249	19261	Neuron	interneurons
876	329	412	19486	19494	NeuronProperty	Cortical
876	329	412	19486	19494	NeuronProperty	Cortical
876	329	412	19495	19503	NeuronProperty	positive
876	329	412	19504	19516	Neuron	interneurons
876	330	412	19486	19494	NeuronProperty	Cortical
876	330	412	19486	19494	NeuronProperty	Cortical
876	330	412	19495	19503	NeuronProperty	positive
876	330	412	19504	19516	Neuron	interneurons
876	331	412	19495	19503	NeuronProperty	positive
876	331	412	19504	19516	Neuron	interneurons
876	332	413	19699	19709	NeuronProperty	developing
876	332	413	19710	19716	NeuronProperty	visual
876	332	413	19717	19723	NeuronProperty	cortex
876	332	413	19725	19733	NeuronProperty	positive
876	332	413	19734	19746	Neuron	interneurons
876	333	413	19710	19716	NeuronProperty	visual
876	333	413	19717	19723	NeuronProperty	cortex
876	333	413	19725	19733	NeuronProperty	positive
876	333	413	19734	19746	Neuron	interneurons
876	334	413	19717	19723	NeuronProperty	cortex
876	334	413	19725	19733	NeuronProperty	positive
876	334	413	19734	19746	Neuron	interneurons
876	335	413	19725	19733	NeuronProperty	positive
876	335	413	19734	19746	Neuron	interneurons
876	336	414	19860	19868	NeuronProperty	positive
876	336	414	19869	19881	Neuron	interneurons
876	337	416	20107	20118	NeuronProperty	neocortical
876	337	416	20119	20129	NeuronProperty	inhibitory
876	337	416	20130	20142	Neuron	interneurons
876	338	416	20119	20129	NeuronProperty	inhibitory
876	338	416	20130	20142	Neuron	interneurons
876	339	417	20187	20193	NeuronProperty	basket
876	339	417	20194	20198	Neuron	cell
876	340	421	21044	21056	NeuronProperty	fast-spiking
876	340	421	21057	21062	Neuron	cells
876	341	422	21209	21219	NeuronProperty	inhibitory
876	341	422	21220	21232	Neuron	interneurons
876	342	423	21351	21356	NeuronProperty	human
876	342	423	21357	21365	NeuronProperty	cortical
876	342	423	21357	21365	NeuronProperty	cortical
876	342	423	21366	21375	NeuronProperty	pyramidal
876	342	423	21376	21381	Neuron	cells
876	343	423	21351	21356	NeuronProperty	human
876	343	423	21357	21365	NeuronProperty	cortical
876	343	423	21357	21365	NeuronProperty	cortical
876	343	423	21366	21375	NeuronProperty	pyramidal
876	343	423	21376	21381	Neuron	cells
876	344	423	21357	21365	NeuronProperty	cortical
876	344	423	21357	21365	NeuronProperty	cortical
876	344	423	21366	21375	NeuronProperty	pyramidal
876	344	423	21376	21381	Neuron	cells
876	345	423	21357	21365	NeuronProperty	cortical
876	345	423	21357	21365	NeuronProperty	cortical
876	345	423	21366	21375	NeuronProperty	pyramidal
876	345	423	21376	21381	Neuron	cells
876	346	423	21366	21375	NeuronProperty	pyramidal
876	346	423	21376	21381	Neuron	cells
876	347	423	21410	21420	NeuronProperty	chandelier
876	347	423	21421	21426	Neuron	cells
876	348	424	21509	21517	NeuronProperty	Purkinje
876	348	424	21518	21525	Neuron	neurons
876	349	425	21704	21713	NeuronProperty	GABAergic
876	349	425	21704	21708	NeuronProperty	GABA
876	349	425	21714	21725	Neuron	interneuron
876	350	426	21893	21904	NeuronProperty	hippocampal
876	350	426	21905	21917	Neuron	interneurons
876	351	430	22493	22504	NeuronProperty	hippocampal
876	351	430	22505	22516	Neuron	interneuron
876	352	431	22683	22690	NeuronProperty	central
876	352	431	22691	22698	Neuron	neurons
876	353	432	22850	22859	NeuronProperty	GABAergic
876	353	432	22850	22854	NeuronProperty	GABA
876	353	432	22860	22872	Neuron	interneurons
877	354	433	78	88	NeuronProperty	Inhibitory
877	354	433	89	101	Neuron	Interneurons
877	355	434	1164	1184	NeuronProperty	parvalbumin-positive
877	355	434	1176	1184	NeuronProperty	positive
877	355	434	1185	1197	Neuron	interneurons
877	356	434	1176	1184	NeuronProperty	positive
877	356	434	1185	1197	Neuron	interneurons
877	357	435	1274	1286	NeuronProperty	fast-spiking
877	357	435	1288	1298	NeuronProperty	inhibitory
877	357	435	1299	1304	Neuron	cells
877	358	435	1288	1298	NeuronProperty	inhibitory
877	358	435	1299	1304	Neuron	cells
877	359	436	1449	1457	NeuronProperty	positive
877	359	436	1458	1470	Neuron	interneurons
877	360	440	2432	2441	NeuronProperty	GABAergic
877	360	440	2432	2436	NeuronProperty	GABA
877	360	440	2442	2454	Neuron	interneurons
877	361	440	2466	2475	NeuronProperty	pyramidal
877	361	440	2476	2481	Neuron	cells
877	362	442	2873	2893	NeuronProperty	parvalbumin-positive
877	362	442	2885	2893	NeuronProperty	positive
877	362	442	2894	2906	Neuron	interneurons
877	363	442	2885	2893	NeuronProperty	positive
877	363	442	2894	2906	Neuron	interneurons
877	364	443	2996	3004	NeuronProperty	positive
877	364	443	3005	3017	Neuron	interneurons
877	365	443	3027	3036	NeuronProperty	pyramidal
877	365	443	3037	3044	Neuron	neurons
877	366	444	3180	3187	NeuronProperty	spiking
877	366	444	3188	3200	Neuron	interneurons
877	367	460	6079	6087	NeuronProperty	neuronal
877	367	460	6088	6092	Neuron	cell
877	368	461	6172	6192	NeuronProperty	parvalbumin-positive
877	368	461	6184	6192	NeuronProperty	positive
877	368	461	6193	6205	Neuron	interneurons
877	369	461	6184	6192	NeuronProperty	positive
877	369	461	6193	6205	Neuron	interneurons
877	370	463	6686	6697	NeuronProperty	neocortical
877	370	463	6698	6705	Neuron	neurons
877	371	466	7323	7331	NeuronProperty	positive
877	371	466	7332	7343	Neuron	interneuron
877	372	467	7697	7705	NeuronProperty	positive
877	372	467	7706	7718	Neuron	interneurons
877	373	468	7852	7872	NeuronProperty	parvalbumin-positive
877	373	468	7864	7872	NeuronProperty	positive
877	373	468	7873	7885	Neuron	interneurons
877	374	468	7864	7872	NeuronProperty	positive
877	374	468	7873	7885	Neuron	interneurons
877	375	469	8066	8078	NeuronProperty	nonpyramidal
877	375	469	8079	8084	Neuron	cells
877	376	469	8226	8235	NeuronProperty	pyramidal
877	376	469	8236	8240	Neuron	cell
877	377	470	8409	8418	NeuronProperty	pyramidal
877	377	470	8423	8435	NeuronProperty	nonpyramidal
877	377	470	8436	8441	Neuron	cells
877	378	470	8423	8435	NeuronProperty	nonpyramidal
877	378	470	8436	8441	Neuron	cells
877	379	471	8620	8628	NeuronProperty	positive
877	379	471	8629	8641	Neuron	interneurons
877	380	472	8684	8692	NeuronProperty	positive
877	380	472	8693	8705	Neuron	interneurons
877	381	472	8756	8770	NeuronProperty	immunoreactive
877	381	472	8771	8776	Neuron	cells
877	382	473	8932	8940	NeuronProperty	positive
877	382	473	8941	8953	Neuron	interneurons
877	383	474	9038	9046	NeuronProperty	positive
877	383	474	9047	9059	Neuron	interneurons
877	384	475	9201	9213	NeuronProperty	nonpyramidal
877	384	475	9214	9219	Neuron	cells
877	385	475	9247	9255	NeuronProperty	positive
877	385	475	9256	9268	Neuron	interneurons
877	386	476	9347	9356	NeuronProperty	pyramidal
877	386	476	9357	9361	Neuron	cell
877	387	477	9550	9558	NeuronProperty	positive
877	387	477	9559	9571	Neuron	interneurons
877	388	479	9901	9909	NeuronProperty	Purkinje
877	388	479	9910	9914	Neuron	cell
877	389	480	10034	10040	NeuronProperty	basket
877	389	480	10041	10046	Neuron	cells
877	390	481	10199	10207	NeuronProperty	Purkinje
877	390	481	10208	10213	Neuron	cells
877	391	482	10377	10385	NeuronProperty	Purkinje
877	391	482	10386	10391	Neuron	cells
877	392	483	10558	10572	NeuronProperty	immunoreactive
877	392	483	10573	10580	Neuron	neurons
877	393	484	10712	10732	NeuronProperty	parvalbumin-positive
877	393	484	10724	10732	NeuronProperty	positive
877	393	484	10733	10745	Neuron	interneurons
877	394	484	10724	10732	NeuronProperty	positive
877	394	484	10733	10745	Neuron	interneurons
877	395	485	10808	10819	NeuronProperty	neocortical
877	395	485	10820	10832	NeuronProperty	fast-spiking
877	395	485	10833	10845	Neuron	interneurons
877	396	485	10820	10832	NeuronProperty	fast-spiking
877	396	485	10833	10845	Neuron	interneurons
877	397	486	10932	10940	NeuronProperty	cortical
877	397	486	10932	10940	NeuronProperty	cortical
877	397	486	10941	10949	NeuronProperty	positive
877	397	486	10950	10962	Neuron	interneurons
877	398	486	10932	10940	NeuronProperty	cortical
877	398	486	10932	10940	NeuronProperty	cortical
877	398	486	10941	10949	NeuronProperty	positive
877	398	486	10950	10962	Neuron	interneurons
877	399	486	10941	10949	NeuronProperty	positive
877	399	486	10950	10962	Neuron	interneurons
877	400	487	11106	11118	NeuronProperty	fast-spiking
877	400	487	11119	11131	Neuron	interneurons
877	401	489	11318	11326	NeuronProperty	positive
877	401	489	11328	11340	NeuronProperty	fast-spiking
877	401	489	11341	11353	Neuron	interneurons
877	402	489	11328	11340	NeuronProperty	fast-spiking
877	402	489	11341	11353	Neuron	interneurons
877	403	492	11865	11874	NeuronProperty	pyramidal
877	403	492	11875	11882	Neuron	neurons
877	404	494	12264	12272	NeuronProperty	positive
877	404	494	12274	12286	NeuronProperty	fast-spiking
877	404	494	12287	12299	Neuron	interneurons
877	405	494	12274	12286	NeuronProperty	fast-spiking
877	405	494	12287	12299	Neuron	interneurons
877	406	495	12405	12416	NeuronProperty	neocortical
877	406	495	12417	12426	NeuronProperty	pyramidal
877	406	495	12427	12432	Neuron	cells
877	407	495	12417	12426	NeuronProperty	pyramidal
877	407	495	12427	12432	Neuron	cells
877	408	496	12528	12536	NeuronProperty	Purkinje
877	408	496	12537	12542	Neuron	cells
877	409	497	12620	12628	NeuronProperty	Purkinje
877	409	497	12629	12633	Neuron	cell
877	410	497	12644	12651	NeuronProperty	granule
877	410	497	12652	12656	Neuron	cell
877	411	510	15530	15537	NeuronProperty	retinal
877	411	510	15538	15546	NeuronProperty	ganglion
877	411	510	15547	15552	Neuron	cells
877	412	510	15538	15546	NeuronProperty	ganglion
877	412	510	15547	15552	Neuron	cells
877	413	511	15658	15667	NeuronProperty	pyramidal
877	413	511	15668	15673	Neuron	cells
877	414	511	16043	16055	NeuronProperty	nonpyramidal
877	414	511	16056	16061	Neuron	cells
877	415	511	16063	16072	NeuronProperty	pyramidal
877	415	511	16073	16078	Neuron	cells
877	416	515	16876	16884	NeuronProperty	positive
877	416	515	16885	16897	Neuron	interneurons
877	417	516	16966	16978	NeuronProperty	fast-spiking
877	417	516	16979	16991	Neuron	interneurons
877	418	516	17019	17027	NeuronProperty	positive
877	418	516	17028	17040	Neuron	interneurons
877	419	517	17372	17380	NeuronProperty	Cortical
877	419	517	17372	17380	NeuronProperty	Cortical
877	419	517	17381	17389	NeuronProperty	positive
877	419	517	17390	17402	Neuron	interneurons
877	420	517	17372	17380	NeuronProperty	Cortical
877	420	517	17372	17380	NeuronProperty	Cortical
877	420	517	17381	17389	NeuronProperty	positive
877	420	517	17390	17402	Neuron	interneurons
877	421	517	17381	17389	NeuronProperty	positive
877	421	517	17390	17402	Neuron	interneurons
877	422	517	17434	17440	NeuronProperty	basket
877	422	517	17445	17455	NeuronProperty	chandelier
877	422	517	17456	17461	Neuron	cells
877	423	517	17445	17455	NeuronProperty	chandelier
877	423	517	17456	17461	Neuron	cells
877	424	517	17553	17562	NeuronProperty	pyramidal
877	424	517	17563	17568	Neuron	cells
877	425	519	18023	18031	NeuronProperty	positive
877	425	519	18032	18044	Neuron	interneurons
877	426	520	18085	18096	NeuronProperty	Neocortical
877	426	520	18097	18105	NeuronProperty	positive
877	426	520	18106	18118	Neuron	interneurons
877	427	520	18097	18105	NeuronProperty	positive
877	427	520	18106	18118	Neuron	interneurons
877	428	521	18265	18273	NeuronProperty	positive
877	428	521	18274	18286	Neuron	interneurons
877	429	522	18571	18579	NeuronProperty	positive
877	429	522	18580	18592	Neuron	interneurons
877	430	525	19240	19248	NeuronProperty	positive
877	430	525	19249	19261	Neuron	interneurons
877	431	526	19486	19494	NeuronProperty	Cortical
877	431	526	19486	19494	NeuronProperty	Cortical
877	431	526	19495	19503	NeuronProperty	positive
877	431	526	19504	19516	Neuron	interneurons
877	432	526	19486	19494	NeuronProperty	Cortical
877	432	526	19486	19494	NeuronProperty	Cortical
877	432	526	19495	19503	NeuronProperty	positive
877	432	526	19504	19516	Neuron	interneurons
877	433	526	19495	19503	NeuronProperty	positive
877	433	526	19504	19516	Neuron	interneurons
877	434	527	19699	19709	NeuronProperty	developing
877	434	527	19710	19716	NeuronProperty	visual
877	434	527	19717	19723	NeuronProperty	cortex
877	434	527	19725	19733	NeuronProperty	positive
877	434	527	19734	19746	Neuron	interneurons
877	435	527	19710	19716	NeuronProperty	visual
877	435	527	19717	19723	NeuronProperty	cortex
877	435	527	19725	19733	NeuronProperty	positive
877	435	527	19734	19746	Neuron	interneurons
877	436	527	19717	19723	NeuronProperty	cortex
877	436	527	19725	19733	NeuronProperty	positive
877	436	527	19734	19746	Neuron	interneurons
877	437	527	19725	19733	NeuronProperty	positive
877	437	527	19734	19746	Neuron	interneurons
877	438	528	19860	19868	NeuronProperty	positive
877	438	528	19869	19881	Neuron	interneurons
877	439	530	20107	20118	NeuronProperty	neocortical
877	439	530	20119	20129	NeuronProperty	inhibitory
877	439	530	20130	20142	Neuron	interneurons
877	440	530	20119	20129	NeuronProperty	inhibitory
877	440	530	20130	20142	Neuron	interneurons
877	441	531	20187	20193	NeuronProperty	basket
877	441	531	20194	20198	Neuron	cell
877	442	535	21044	21056	NeuronProperty	fast-spiking
877	442	535	21057	21062	Neuron	cells
877	443	536	21209	21219	NeuronProperty	inhibitory
877	443	536	21220	21232	Neuron	interneurons
877	444	537	21351	21356	NeuronProperty	human
877	444	537	21357	21365	NeuronProperty	cortical
877	444	537	21357	21365	NeuronProperty	cortical
877	444	537	21366	21375	NeuronProperty	pyramidal
877	444	537	21376	21381	Neuron	cells
877	445	537	21351	21356	NeuronProperty	human
877	445	537	21357	21365	NeuronProperty	cortical
877	445	537	21357	21365	NeuronProperty	cortical
877	445	537	21366	21375	NeuronProperty	pyramidal
877	445	537	21376	21381	Neuron	cells
877	446	537	21357	21365	NeuronProperty	cortical
877	446	537	21357	21365	NeuronProperty	cortical
877	446	537	21366	21375	NeuronProperty	pyramidal
877	446	537	21376	21381	Neuron	cells
877	447	537	21357	21365	NeuronProperty	cortical
877	447	537	21357	21365	NeuronProperty	cortical
877	447	537	21366	21375	NeuronProperty	pyramidal
877	447	537	21376	21381	Neuron	cells
877	448	537	21366	21375	NeuronProperty	pyramidal
877	448	537	21376	21381	Neuron	cells
877	449	537	21410	21420	NeuronProperty	chandelier
877	449	537	21421	21426	Neuron	cells
877	450	538	21509	21517	NeuronProperty	Purkinje
877	450	538	21518	21525	Neuron	neurons
877	451	539	21704	21713	NeuronProperty	GABAergic
877	451	539	21704	21708	NeuronProperty	GABA
877	451	539	21714	21725	Neuron	interneuron
877	452	540	21893	21904	NeuronProperty	hippocampal
877	452	540	21905	21917	Neuron	interneurons
877	453	544	22493	22504	NeuronProperty	hippocampal
877	453	544	22505	22516	Neuron	interneuron
877	454	545	22683	22690	NeuronProperty	central
877	454	545	22691	22698	Neuron	neurons
877	455	546	22850	22859	NeuronProperty	GABAergic
877	455	546	22850	22854	NeuronProperty	GABA
877	455	546	22860	22872	Neuron	interneurons
879	456	547	301	308	NeuronProperty	central
879	456	547	313	323	NeuronProperty	peripheral
879	456	547	324	331	Neuron	neurons
879	457	547	313	323	NeuronProperty	peripheral
879	457	547	324	331	Neuron	neurons
879	458	547	375	389	NeuronProperty	neuroendocrine
879	458	547	390	395	Neuron	cells
879	459	559	2785	2793	NeuronProperty	ganglion
879	459	559	2794	2801	Neuron	neurons
879	460	575	6169	6176	NeuronProperty	primary
879	460	575	6177	6185	NeuronProperty	cultured
879	460	575	6186	6195	NeuronProperty	embryonic
879	460	575	6186	6195	NeuronProperty	embryonic
879	460	575	6196	6203	Neuron	neurons
879	461	575	6169	6176	NeuronProperty	primary
879	461	575	6177	6185	NeuronProperty	cultured
879	461	575	6186	6195	NeuronProperty	embryonic
879	461	575	6186	6195	NeuronProperty	embryonic
879	461	575	6196	6203	Neuron	neurons
879	462	575	6177	6185	NeuronProperty	cultured
879	462	575	6186	6195	NeuronProperty	embryonic
879	462	575	6186	6195	NeuronProperty	embryonic
879	462	575	6196	6203	Neuron	neurons
879	463	575	6177	6185	NeuronProperty	cultured
879	463	575	6186	6195	NeuronProperty	embryonic
879	463	575	6186	6195	NeuronProperty	embryonic
879	463	575	6196	6203	Neuron	neurons
879	464	575	6186	6195	NeuronProperty	embryonic
879	464	575	6186	6195	NeuronProperty	embryonic
879	464	575	6196	6203	Neuron	neurons
879	465	575	6186	6195	NeuronProperty	embryonic
879	465	575	6186	6195	NeuronProperty	embryonic
879	465	575	6196	6203	Neuron	neurons
879	466	580	7135	7142	NeuronProperty	injured
879	466	580	7143	7151	NeuronProperty	neuronal
879	466	580	7152	7157	Neuron	cells
879	467	580	7143	7151	NeuronProperty	neuronal
879	467	580	7152	7157	Neuron	cells
879	468	605	11825	11833	NeuronProperty	columnar
879	468	605	11834	11844	NeuronProperty	epithelial
879	468	605	11849	11860	NeuronProperty	endothelial
879	468	605	11861	11866	Neuron	cells
879	469	605	11834	11844	NeuronProperty	epithelial
879	469	605	11849	11860	NeuronProperty	endothelial
879	469	605	11861	11866	Neuron	cells
879	470	605	11849	11860	NeuronProperty	endothelial
879	470	605	11861	11866	Neuron	cells
879	471	628	15867	15874	NeuronProperty	Schwann
879	471	628	15875	15880	Neuron	cells
879	472	630	16160	16167	NeuronProperty	Schwann
879	472	630	16168	16173	Neuron	cells
879	473	630	16261	16270	NeuronProperty	precursor
879	473	630	16271	16276	Neuron	cells
879	474	631	16416	16421	NeuronProperty	glial
879	474	631	16422	16426	Neuron	cell
879	475	632	16532	16540	NeuronProperty	cultured
879	475	632	16541	16546	Neuron	cells
879	476	640	17289	17295	NeuronProperty	Neural
879	476	640	17296	17300	Neuron	cell
879	477	646	18007	18015	NeuronProperty	cultured
879	477	646	18016	18019	NeuronProperty	rat
879	477	646	18020	18030	Neuron	astrocytes
879	478	646	18016	18019	NeuronProperty	rat
879	478	646	18020	18030	Neuron	astrocytes
879	479	647	18097	18102	NeuronProperty	glial
879	479	647	18103	18108	Neuron	cells
879	480	651	18610	18617	NeuronProperty	sensory
879	480	651	18618	18625	Neuron	neurons
879	481	653	18810	18813	NeuronProperty	rat
879	481	653	18814	18819	NeuronProperty	brain
879	481	653	18820	18827	Neuron	neurons
879	482	653	18814	18819	NeuronProperty	brain
879	482	653	18820	18827	Neuron	neurons
879	483	654	18863	18868	NeuronProperty	mouse
879	483	654	18869	18876	NeuronProperty	sensory
879	483	654	18877	18883	Neuron	neuron
879	484	654	18869	18876	NeuronProperty	sensory
879	484	654	18877	18883	Neuron	neuron
954	485	683	2970	2975	NeuronProperty	large
954	485	683	2977	2986	Neuron	astrocyte
954	486	702	5937	5942	NeuronProperty	glial
954	486	702	5943	5953	NeuronProperty	progenitor
954	486	702	5954	5958	Neuron	cell
954	487	702	5943	5953	NeuronProperty	progenitor
954	487	702	5954	5958	Neuron	cell
954	488	704	6229	6237	NeuronProperty	cultured
954	488	704	6238	6248	Neuron	astrocytes
954	489	705	6571	6574	NeuronProperty	rat
954	489	705	6575	6586	NeuronProperty	hippocampal
954	489	705	6587	6597	Neuron	astrocytes
954	490	705	6575	6586	NeuronProperty	hippocampal
954	490	705	6587	6597	Neuron	astrocytes
954	491	706	6819	6828	NeuronProperty	precursor
954	491	706	6829	6834	Neuron	cells
954	492	711	7730	7737	NeuronProperty	primary
954	492	711	7738	7742	Neuron	cell
962	493	781	12438	12448	NeuronProperty	functional
962	493	781	12449	12453	Neuron	cell
996	494	801	131	142	NeuronProperty	nociceptive
996	494	801	144	151	NeuronProperty	sensory
996	494	801	152	159	Neuron	neurons
996	495	801	144	151	NeuronProperty	sensory
996	495	801	152	159	Neuron	neurons
996	496	802	161	168	NeuronProperty	sensory
996	496	802	169	176	Neuron	neurons
996	497	806	647	654	NeuronProperty	sensory
996	497	806	655	662	Neuron	neurons
996	498	807	831	838	NeuronProperty	sensory
996	498	807	839	846	Neuron	neurons
996	499	808	894	905	NeuronProperty	nociceptive
996	499	808	906	913	NeuronProperty	sensory
996	499	808	914	921	Neuron	neurons
996	500	808	906	913	NeuronProperty	sensory
996	500	808	914	921	Neuron	neurons
996	501	808	968	975	NeuronProperty	sensory
996	501	808	976	983	Neuron	neurons
996	502	809	1122	1129	NeuronProperty	sensory
996	502	809	1130	1137	Neuron	neurons
996	503	813	1510	1518	NeuronProperty	ganglion
996	503	813	1519	1526	Neuron	neurons
996	504	815	1806	1813	NeuronProperty	sensory
996	504	815	1814	1821	Neuron	neurons
996	505	816	2003	2009	NeuronProperty	single
996	505	816	2010	2018	NeuronProperty	positive
996	505	816	2019	2023	Neuron	cell
996	506	816	2010	2018	NeuronProperty	positive
996	506	816	2019	2023	Neuron	cell
996	507	819	2461	2468	NeuronProperty	sensory
996	507	819	2473	2484	NeuronProperty	sympathetic
996	507	819	2485	2492	Neuron	neurons
996	508	819	2473	2484	NeuronProperty	sympathetic
996	508	819	2485	2492	Neuron	neurons
996	509	820	2633	2641	NeuronProperty	ganglion
996	509	820	2642	2649	Neuron	neurons
996	510	821	2839	2847	NeuronProperty	ganglion
996	510	821	2848	2855	Neuron	neurons
996	511	822	2971	2978	NeuronProperty	sensory
996	511	822	2979	2986	Neuron	neurons
996	512	831	4510	4518	NeuronProperty	ganglion
996	512	831	4519	4526	Neuron	neurons
996	513	833	4901	4909	NeuronProperty	ganglion
996	513	833	4910	4917	Neuron	neurons
996	514	833	4923	4930	NeuronProperty	sensory
996	514	833	4931	4937	Neuron	neuron
996	515	835	5317	5324	NeuronProperty	sensory
996	515	835	5329	5340	NeuronProperty	sympathetic
996	515	835	5341	5348	Neuron	neurons
996	516	835	5329	5340	NeuronProperty	sympathetic
996	516	835	5341	5348	Neuron	neurons
996	517	836	5371	5378	NeuronProperty	sensory
996	517	836	5379	5386	Neuron	neurons
996	518	837	5584	5591	NeuronProperty	enteric
996	518	837	5592	5599	NeuronProperty	sensory
996	518	837	5600	5606	Neuron	neuron
996	519	837	5592	5599	NeuronProperty	sensory
996	519	837	5600	5606	Neuron	neuron
996	520	838	5653	5660	NeuronProperty	sensory
996	520	838	5661	5668	Neuron	neurons
996	521	839	5905	5912	NeuronProperty	sensory
996	521	839	5913	5920	Neuron	neurons
996	522	840	6038	6045	NeuronProperty	sensory
996	522	840	6046	6053	Neuron	neurons
1044	523	860	3701	3704	NeuronProperty	rat
1044	523	860	3705	3716	NeuronProperty	hippocampal
1044	523	860	3717	3724	Neuron	neurons
1044	524	860	3705	3716	NeuronProperty	hippocampal
1044	524	860	3717	3724	Neuron	neurons
1044	525	861	3827	3832	NeuronProperty	vagal
1044	525	861	3833	3844	Neuron	motoneurons
1272	526	968	279	290	NeuronProperty	hippocampal
1272	526	968	291	300	NeuronProperty	pyramidal
1272	526	968	301	308	Neuron	neurons
1272	527	968	291	300	NeuronProperty	pyramidal
1272	527	968	301	308	Neuron	neurons
1272	528	975	1616	1627	NeuronProperty	hippocampal
1272	528	975	1628	1631	NeuronProperty	CA1
1272	528	975	1628	1630	NeuronProperty	CA
1272	528	975	1632	1641	NeuronProperty	pyramidal
1272	528	975	1642	1648	Neuron	neuron
1272	529	975	1628	1631	NeuronProperty	CA1
1272	529	975	1628	1630	NeuronProperty	CA
1272	529	975	1632	1641	NeuronProperty	pyramidal
1272	529	975	1642	1648	Neuron	neuron
1272	530	975	1632	1641	NeuronProperty	pyramidal
1272	530	975	1642	1648	Neuron	neuron
1272	531	981	2401	2407	NeuronProperty	single
1272	531	981	2408	2412	Neuron	cell
1272	532	982	2569	2580	NeuronProperty	hippocampal
1272	532	982	2581	2590	NeuronProperty	pyramidal
1272	532	982	2591	2597	Neuron	neuron
1272	533	982	2581	2590	NeuronProperty	pyramidal
1272	533	982	2591	2597	Neuron	neuron
1272	534	986	3282	3293	NeuronProperty	hippocampal
1272	534	986	3294	3303	NeuronProperty	pyramidal
1272	534	986	3304	3310	Neuron	neuron
1272	535	986	3294	3303	NeuronProperty	pyramidal
1272	535	986	3304	3310	Neuron	neuron
1272	536	1032	12355	12364	NeuronProperty	pyramidal
1272	536	1032	12365	12372	Neuron	neurons
1272	537	1032	12380	12391	NeuronProperty	hippocampus
1272	537	1032	12396	12404	NeuronProperty	striatal
1272	537	1032	12405	12412	Neuron	neurons
1272	538	1032	12396	12404	NeuronProperty	striatal
1272	538	1032	12405	12412	Neuron	neurons
1272	539	1032	12468	12476	NeuronProperty	Purkinje
1272	539	1032	12477	12482	Neuron	cells
1272	540	1033	12578	12585	NeuronProperty	granule
1272	540	1033	12586	12591	Neuron	cells
1272	541	1039	13569	13579	NeuronProperty	cerebellum
1272	541	1039	13584	13592	NeuronProperty	cultured
1272	541	1039	13593	13604	NeuronProperty	hippocampal
1272	541	1039	13605	13612	Neuron	neurons
1272	542	1039	13584	13592	NeuronProperty	cultured
1272	542	1039	13593	13604	NeuronProperty	hippocampal
1272	542	1039	13605	13612	Neuron	neurons
1272	543	1039	13593	13604	NeuronProperty	hippocampal
1272	543	1039	13605	13612	Neuron	neurons
1272	544	1047	14846	14856	NeuronProperty	developing
1272	544	1047	14857	14868	NeuronProperty	hippocampal
1272	544	1047	14869	14878	NeuronProperty	pyramidal
1272	544	1047	14879	14886	Neuron	neurons
1272	545	1047	14857	14868	NeuronProperty	hippocampal
1272	545	1047	14869	14878	NeuronProperty	pyramidal
1272	545	1047	14879	14886	Neuron	neurons
1272	546	1047	14869	14878	NeuronProperty	pyramidal
1272	546	1047	14879	14886	Neuron	neurons
1272	547	1048	15100	15111	NeuronProperty	hippocampal
1272	547	1048	15112	15121	NeuronProperty	pyramidal
1272	547	1048	15122	15129	Neuron	neurons
1272	548	1048	15112	15121	NeuronProperty	pyramidal
1272	548	1048	15122	15129	Neuron	neurons
1272	549	1050	15592	15597	NeuronProperty	outer
1272	549	1050	15598	15602	Neuron	cell
1272	550	1062	17484	17492	NeuronProperty	neuronal
1272	550	1062	17497	17504	NeuronProperty	cardiac
1272	550	1062	17505	17510	Neuron	cells
1272	551	1062	17497	17504	NeuronProperty	cardiac
1272	551	1062	17505	17510	Neuron	cells
1272	552	1063	17574	17583	NeuronProperty	pyramidal
1272	552	1063	17584	17588	Neuron	cell
1272	553	1064	18078	18089	NeuronProperty	hippocampal
1272	553	1064	18090	18097	Neuron	neurons
1272	554	1065	18283	18294	NeuronProperty	hippocampal
1272	554	1065	18295	18302	Neuron	neurons
1272	555	1066	18507	18518	NeuronProperty	hippocampal
1272	555	1066	18519	18526	Neuron	neurons
1272	556	1067	18699	18710	NeuronProperty	hippocampal
1272	556	1067	18711	18718	Neuron	neurons
1272	557	1069	19068	19071	NeuronProperty	CA3
1272	557	1069	19068	19070	NeuronProperty	CA
1272	557	1069	19072	19079	Neuron	neurons
1272	558	1070	19428	19437	NeuronProperty	pyramidal
1272	558	1070	19438	19445	Neuron	neurons
1272	559	1074	20557	20564	NeuronProperty	granule
1272	559	1074	20565	20569	Neuron	cell
1272	560	1082	21645	21655	NeuronProperty	epithelial
1272	560	1082	21656	21661	Neuron	cells
1272	561	1085	21922	21932	NeuronProperty	epithelial
1272	561	1085	21933	21938	Neuron	cells
1272	562	1086	22046	22056	NeuronProperty	epithelial
1272	562	1086	22057	22062	Neuron	cells
1272	563	1091	23003	23010	NeuronProperty	granule
1272	563	1091	23011	23016	Neuron	cells
1272	564	1091	23030	23044	NeuronProperty	periglomerular
1272	564	1091	23045	23050	Neuron	cells
1272	565	1092	23090	23101	NeuronProperty	hippocampal
1272	565	1092	23102	23105	NeuronProperty	CA1
1272	565	1092	23102	23104	NeuronProperty	CA
1272	565	1092	23106	23115	NeuronProperty	pyramidal
1272	565	1092	23116	23121	Neuron	cells
1272	566	1092	23102	23105	NeuronProperty	CA1
1272	566	1092	23102	23104	NeuronProperty	CA
1272	566	1092	23106	23115	NeuronProperty	pyramidal
1272	566	1092	23116	23121	Neuron	cells
1272	567	1092	23106	23115	NeuronProperty	pyramidal
1272	567	1092	23116	23121	Neuron	cells
1272	568	1092	23181	23184	NeuronProperty	CA1
1272	568	1092	23181	23183	NeuronProperty	CA
1272	568	1092	23185	23194	NeuronProperty	pyramidal
1272	568	1092	23195	23202	Neuron	neurons
1272	569	1092	23185	23194	NeuronProperty	pyramidal
1272	569	1092	23195	23202	Neuron	neurons
1272	570	1093	23242	23245	NeuronProperty	CA1
1272	570	1093	23242	23244	NeuronProperty	CA
1272	570	1093	23246	23258	Neuron	interneurons
1272	571	1094	23297	23300	NeuronProperty	CA2
1272	571	1094	23297	23299	NeuronProperty	CA
1272	571	1094	23300	23303	NeuronProperty	CA3
1272	571	1094	23300	23302	NeuronProperty	CA
1272	571	1094	23304	23313	NeuronProperty	pyramidal
1272	571	1094	23314	23319	Neuron	cells
1272	572	1094	23300	23303	NeuronProperty	CA3
1272	572	1094	23300	23302	NeuronProperty	CA
1272	572	1094	23304	23313	NeuronProperty	pyramidal
1272	572	1094	23314	23319	Neuron	cells
1272	573	1094	23304	23313	NeuronProperty	pyramidal
1272	573	1094	23314	23319	Neuron	cells
1272	574	1094	23327	23334	NeuronProperty	granule
1272	574	1094	23335	23340	Neuron	cells
1272	575	1095	23445	23453	NeuronProperty	Purkinje
1272	575	1095	23454	23459	Neuron	cells
1272	576	1096	23497	23507	NeuronProperty	cerebellar
1272	576	1096	23508	23515	NeuronProperty	granule
1272	576	1096	23516	23521	Neuron	cells
1272	577	1096	23508	23515	NeuronProperty	granule
1272	577	1096	23516	23521	Neuron	cells
1272	578	1098	23798	23807	NeuronProperty	pyramidal
1272	578	1098	23808	23813	Neuron	cells
1272	579	1099	23950	23960	NeuronProperty	cerebellar
1272	579	1099	23961	23968	NeuronProperty	granule
1272	579	1099	23969	23974	Neuron	cells
1272	580	1099	23961	23968	NeuronProperty	granule
1272	580	1099	23969	23974	Neuron	cells
1272	581	1100	24090	24100	NeuronProperty	inhibitory
1272	581	1100	24101	24113	Neuron	interneurons
1272	582	1101	24229	24241	NeuronProperty	dopaminergic
1272	582	1101	24242	24249	Neuron	neurons
1272	583	1102	24459	24471	NeuronProperty	dopaminergic
1272	583	1102	24472	24479	Neuron	neurons
1272	584	1106	25229	25242	NeuronProperty	magnocellular
1272	584	1106	25243	25250	Neuron	neurons
1272	585	1107	25341	25351	NeuronProperty	supraoptic
1272	585	1107	25352	25359	Neuron	neurons
1272	586	1109	25668	25674	NeuronProperty	mitral
1272	586	1109	25675	25680	Neuron	cells
1272	587	1109	25757	25766	NeuronProperty	pyramidal
1272	587	1109	25767	25772	Neuron	cells
1272	588	1114	26439	26450	NeuronProperty	hippocampal
1272	588	1114	26451	26460	NeuronProperty	pyramidal
1272	588	1114	26461	26467	Neuron	neuron
1272	589	1114	26451	26460	NeuronProperty	pyramidal
1272	589	1114	26461	26467	Neuron	neuron
1272	590	1123	28349	28360	NeuronProperty	hippocampal
1272	590	1123	28361	28370	NeuronProperty	pyramidal
1272	590	1123	28371	28378	Neuron	neurons
1272	591	1123	28361	28370	NeuronProperty	pyramidal
1272	591	1123	28371	28378	Neuron	neurons
1272	592	1124	28758	28767	NeuronProperty	pyramidal
1272	592	1124	28768	28774	Neuron	neuron
1272	593	1125	28834	28845	NeuronProperty	Hippocampal
1272	593	1125	28846	28855	NeuronProperty	Pyramidal
1272	593	1125	28856	28863	Neuron	Neurons
1272	594	1125	28846	28855	NeuronProperty	Pyramidal
1272	594	1125	28856	28863	Neuron	Neurons
1272	595	1126	29106	29117	NeuronProperty	hippocampal
1272	595	1126	29118	29127	NeuronProperty	pyramidal
1272	595	1126	29128	29135	Neuron	neurons
1272	596	1126	29118	29127	NeuronProperty	pyramidal
1272	596	1126	29128	29135	Neuron	neurons
1272	597	1127	29152	29155	NeuronProperty	CA1
1272	597	1127	29152	29154	NeuronProperty	CA
1272	597	1127	29156	29165	NeuronProperty	pyramidal
1272	597	1127	29166	29173	Neuron	neurons
1272	598	1127	29156	29165	NeuronProperty	pyramidal
1272	598	1127	29166	29173	Neuron	neurons
1272	599	1128	29248	29257	NeuronProperty	pyramidal
1272	599	1128	29258	29264	Neuron	neuron
1272	600	1130	29699	29710	NeuronProperty	hippocampal
1272	600	1130	29711	29720	NeuronProperty	pyramidal
1272	600	1130	29721	29728	Neuron	neurons
1272	601	1130	29711	29720	NeuronProperty	pyramidal
1272	601	1130	29721	29728	Neuron	neurons
1272	602	1133	30147	30150	NeuronProperty	CA1
1272	602	1133	30147	30149	NeuronProperty	CA
1272	602	1133	30151	30160	NeuronProperty	pyramidal
1272	602	1133	30161	30167	Neuron	neuron
1272	603	1133	30151	30160	NeuronProperty	pyramidal
1272	603	1133	30161	30167	Neuron	neuron
1272	604	1134	30440	30449	NeuronProperty	pyramidal
1272	604	1134	30450	30456	Neuron	neuron
1272	605	1137	30893	30905	NeuronProperty	dopaminergic
1272	605	1137	30906	30914	NeuronProperty	midbrain
1272	605	1137	30915	30922	Neuron	neurons
1272	606	1137	30906	30914	NeuronProperty	midbrain
1272	606	1137	30915	30922	Neuron	neurons
1272	607	1140	31760	31771	NeuronProperty	hippocampal
1272	607	1140	31772	31775	NeuronProperty	CA1
1272	607	1140	31772	31774	NeuronProperty	CA
1272	607	1140	31776	31785	NeuronProperty	pyramidal
1272	607	1140	31786	31793	Neuron	neurons
1272	608	1140	31772	31775	NeuronProperty	CA1
1272	608	1140	31772	31774	NeuronProperty	CA
1272	608	1140	31776	31785	NeuronProperty	pyramidal
1272	608	1140	31786	31793	Neuron	neurons
1272	609	1140	31776	31785	NeuronProperty	pyramidal
1272	609	1140	31786	31793	Neuron	neurons
1272	610	1142	32315	32326	NeuronProperty	hippocampal
1272	610	1142	32327	32336	NeuronProperty	pyramidal
1272	610	1142	32337	32344	Neuron	neurons
1272	611	1142	32327	32336	NeuronProperty	pyramidal
1272	611	1142	32337	32344	Neuron	neurons
1272	612	1143	32525	32528	NeuronProperty	CA1
1272	612	1143	32525	32527	NeuronProperty	CA
1272	612	1143	32529	32538	NeuronProperty	pyramidal
1272	612	1143	32539	32546	Neuron	neurons
1272	613	1143	32529	32538	NeuronProperty	pyramidal
1272	613	1143	32539	32546	Neuron	neurons
1272	614	1145	32866	32869	NeuronProperty	CA1
1272	614	1145	32866	32868	NeuronProperty	CA
1272	614	1145	32870	32879	NeuronProperty	pyramidal
1272	614	1145	32880	32887	Neuron	neurons
1272	615	1145	32870	32879	NeuronProperty	pyramidal
1272	615	1145	32880	32887	Neuron	neurons
1272	616	1146	33031	33042	NeuronProperty	hippocampal
1272	616	1146	33043	33052	NeuronProperty	pyramidal
1272	616	1146	33053	33060	Neuron	neurons
1272	617	1146	33043	33052	NeuronProperty	pyramidal
1272	617	1146	33053	33060	Neuron	neurons
1272	618	1147	33227	33236	NeuronProperty	pyramidal
1272	618	1147	33237	33243	Neuron	neuron
1272	619	1148	33345	33348	NeuronProperty	CA1
1272	619	1148	33345	33347	NeuronProperty	CA
1272	619	1148	33349	33355	Neuron	neuron
1272	620	1149	33509	33512	NeuronProperty	CA1
1272	620	1149	33509	33511	NeuronProperty	CA
1272	620	1149	33513	33518	Neuron	cells
1272	621	1150	33796	33807	NeuronProperty	hippocampal
1272	621	1150	33808	33817	NeuronProperty	pyramidal
1272	621	1150	33818	33824	Neuron	neuron
1272	622	1150	33808	33817	NeuronProperty	pyramidal
1272	622	1150	33818	33824	Neuron	neuron
1272	623	1151	33861	33872	NeuronProperty	hippocampal
1272	623	1151	33873	33882	NeuronProperty	pyramidal
1272	623	1151	33883	33890	Neuron	neurons
1272	624	1151	33873	33882	NeuronProperty	pyramidal
1272	624	1151	33883	33890	Neuron	neurons
1272	625	1154	34316	34327	NeuronProperty	hippocampal
1272	625	1154	34328	34334	Neuron	neuron
1272	626	1155	34499	34510	NeuronProperty	hippocampal
1272	626	1155	34511	34520	NeuronProperty	pyramidal
1272	626	1155	34521	34528	Neuron	neurons
1272	627	1155	34511	34520	NeuronProperty	pyramidal
1272	627	1155	34521	34528	Neuron	neurons
1272	628	1157	35052	35063	NeuronProperty	hippocampal
1272	628	1157	35064	35071	NeuronProperty	dentate
1272	628	1157	35072	35079	NeuronProperty	granule
1272	628	1157	35080	35085	Neuron	cells
1272	629	1157	35064	35071	NeuronProperty	dentate
1272	629	1157	35072	35079	NeuronProperty	granule
1272	629	1157	35080	35085	Neuron	cells
1272	630	1157	35072	35079	NeuronProperty	granule
1272	630	1157	35080	35085	Neuron	cells
1272	631	1160	35758	35766	NeuronProperty	thalamic
1272	631	1160	35767	35774	Neuron	neurons
1272	632	1161	35921	35928	NeuronProperty	granule
1272	632	1161	35929	35933	Neuron	cell
1272	633	1162	36107	36114	NeuronProperty	dentate
1272	633	1162	36115	36122	NeuronProperty	granule
1272	633	1162	36123	36127	Neuron	cell
1272	634	1162	36115	36122	NeuronProperty	granule
1272	634	1162	36123	36127	Neuron	cell
1272	635	1163	36173	36184	NeuronProperty	heterotopic
1272	635	1163	36185	36194	NeuronProperty	pyramidal
1272	635	1163	36195	36202	Neuron	neurons
1272	636	1163	36185	36194	NeuronProperty	pyramidal
1272	636	1163	36195	36202	Neuron	neurons
1272	637	1164	36322	36333	NeuronProperty	heterotopic
1272	637	1164	36334	36341	Neuron	neurons
1272	638	1188	40555	40558	NeuronProperty	rat
1272	638	1188	40559	40569	NeuronProperty	supraoptic
1272	638	1188	40570	40577	Neuron	neurons
1272	639	1188	40559	40569	NeuronProperty	supraoptic
1272	639	1188	40570	40577	Neuron	neurons
1272	640	1189	40644	40649	NeuronProperty	human
1272	640	1189	40650	40661	NeuronProperty	hippocampal
1272	640	1189	40662	40669	NeuronProperty	dentate
1272	640	1189	40670	40677	NeuronProperty	granule
1272	640	1189	40678	40683	Neuron	cells
1272	641	1189	40650	40661	NeuronProperty	hippocampal
1272	641	1189	40662	40669	NeuronProperty	dentate
1272	641	1189	40670	40677	NeuronProperty	granule
1272	641	1189	40678	40683	Neuron	cells
1272	642	1189	40662	40669	NeuronProperty	dentate
1272	642	1189	40670	40677	NeuronProperty	granule
1272	642	1189	40678	40683	Neuron	cells
1272	643	1189	40670	40677	NeuronProperty	granule
1272	643	1189	40678	40683	Neuron	cells
1272	644	1190	40734	40747	NeuronProperty	magnocellular
1272	644	1190	40748	40762	NeuronProperty	neurosecretory
1272	644	1190	40763	40768	Neuron	cells
1272	645	1190	40748	40762	NeuronProperty	neurosecretory
1272	645	1190	40763	40768	Neuron	cells
1272	646	1192	40974	40980	NeuronProperty	mitral
1272	646	1192	40981	40985	Neuron	cell
1272	647	1194	41195	41205	NeuronProperty	supraoptic
1272	647	1194	41206	41213	Neuron	neurons
1272	648	1195	41300	41310	NeuronProperty	guinea-pig
1272	648	1195	41307	41310	NeuronProperty	pig
1272	648	1195	41311	41322	NeuronProperty	neocortical
1272	648	1195	41323	41330	Neuron	neurons
1272	649	1195	41307	41310	NeuronProperty	pig
1272	649	1195	41311	41322	NeuronProperty	neocortical
1272	649	1195	41323	41330	Neuron	neurons
1272	650	1195	41311	41322	NeuronProperty	neocortical
1272	650	1195	41323	41330	Neuron	neurons
1272	651	1197	41519	41527	NeuronProperty	cultured
1272	651	1197	41528	41535	NeuronProperty	cardiac
1272	651	1197	41536	41541	Neuron	cells
1272	652	1197	41528	41535	NeuronProperty	cardiac
1272	652	1197	41536	41541	Neuron	cells
1272	653	1200	41764	41775	NeuronProperty	hippocampal
1272	653	1200	41776	41779	NeuronProperty	CA1
1272	653	1200	41776	41778	NeuronProperty	CA
1272	653	1200	41780	41789	NeuronProperty	pyramidal
1272	653	1200	41790	41797	Neuron	neurons
1272	654	1200	41776	41779	NeuronProperty	CA1
1272	654	1200	41776	41778	NeuronProperty	CA
1272	654	1200	41780	41789	NeuronProperty	pyramidal
1272	654	1200	41790	41797	Neuron	neurons
1272	655	1200	41780	41789	NeuronProperty	pyramidal
1272	655	1200	41790	41797	Neuron	neurons
1272	656	1201	41913	41924	NeuronProperty	hippocampal
1272	656	1201	41925	41934	NeuronProperty	pyramidal
1272	656	1201	41935	41942	Neuron	neurons
1272	657	1201	41925	41934	NeuronProperty	pyramidal
1272	657	1201	41935	41942	Neuron	neurons
1272	658	1203	42054	42064	NeuronProperty	epithelial
1272	658	1203	42065	42070	Neuron	cells
1272	659	1204	42303	42313	NeuronProperty	inhibitory
1272	659	1204	42314	42327	Neuron	interneurones
1272	660	1205	42439	42449	NeuronProperty	individual
1272	660	1205	42450	42462	NeuronProperty	dopaminergic
1272	660	1205	42463	42470	Neuron	neurons
1272	661	1205	42450	42462	NeuronProperty	dopaminergic
1272	661	1205	42463	42470	Neuron	neurons
1272	662	1206	42615	42626	NeuronProperty	hippocampal
1272	662	1206	42627	42630	NeuronProperty	CA1
1272	662	1206	42627	42629	NeuronProperty	CA
1272	662	1206	42631	42640	NeuronProperty	pyramidal
1272	662	1206	42641	42648	Neuron	neurons
1272	663	1206	42627	42630	NeuronProperty	CA1
1272	663	1206	42627	42629	NeuronProperty	CA
1272	663	1206	42631	42640	NeuronProperty	pyramidal
1272	663	1206	42641	42648	Neuron	neurons
1272	664	1206	42631	42640	NeuronProperty	pyramidal
1272	664	1206	42641	42648	Neuron	neurons
1272	665	1207	42718	42721	NeuronProperty	rat
1272	665	1207	42722	42733	NeuronProperty	hippocampal
1272	665	1207	42734	42741	Neuron	neurons
1272	666	1207	42722	42733	NeuronProperty	hippocampal
1272	666	1207	42734	42741	Neuron	neurons
1272	667	1209	42976	42988	NeuronProperty	fast-spiking
1272	667	1209	42989	43001	Neuron	interneurons
1272	668	1209	43006	43015	NeuronProperty	pyramidal
1272	668	1209	43016	43023	Neuron	neurons
1272	669	1211	43184	43193	NeuronProperty	reticular
1272	669	1211	43194	43202	NeuronProperty	thalamic
1272	669	1211	43203	43210	Neuron	neurons
1272	670	1211	43194	43202	NeuronProperty	thalamic
1272	670	1211	43203	43210	Neuron	neurons
1272	671	1214	43532	43542	NeuronProperty	epithelial
1272	671	1214	43543	43548	Neuron	cells
1272	672	1219	44139	44142	NeuronProperty	rat
1272	672	1219	44143	44150	NeuronProperty	central
1272	672	1219	44151	44158	Neuron	neurons
1272	673	1219	44143	44150	NeuronProperty	central
1272	673	1219	44151	44158	Neuron	neurons
1272	674	1220	44325	44335	NeuronProperty	developing
1272	674	1220	44336	44346	NeuronProperty	cerebellar
1272	674	1220	44347	44354	NeuronProperty	granule
1272	674	1220	44355	44360	Neuron	cells
1272	675	1220	44336	44346	NeuronProperty	cerebellar
1272	675	1220	44347	44354	NeuronProperty	granule
1272	675	1220	44355	44360	Neuron	cells
1272	676	1220	44347	44354	NeuronProperty	granule
1272	676	1220	44355	44360	Neuron	cells
1272	677	1221	44425	44428	NeuronProperty	rat
1272	677	1221	44429	44440	NeuronProperty	neostriatal
1272	677	1221	44441	44452	NeuronProperty	cholinergic
1272	677	1221	44453	44465	Neuron	interneurons
1272	678	1221	44429	44440	NeuronProperty	neostriatal
1272	678	1221	44441	44452	NeuronProperty	cholinergic
1272	678	1221	44453	44465	Neuron	interneurons
1272	679	1221	44441	44452	NeuronProperty	cholinergic
1272	679	1221	44453	44465	Neuron	interneurons
1272	680	1223	44787	44792	NeuronProperty	basal
1272	680	1223	44793	44800	NeuronProperty	ganglia
1272	680	1223	44805	44810	NeuronProperty	basal
1272	680	1223	44811	44820	NeuronProperty	forebrain
1272	680	1223	44821	44828	Neuron	neurons
1272	681	1223	44793	44800	NeuronProperty	ganglia
1272	681	1223	44805	44810	NeuronProperty	basal
1272	681	1223	44811	44820	NeuronProperty	forebrain
1272	681	1223	44821	44828	Neuron	neurons
1272	682	1223	44805	44810	NeuronProperty	basal
1272	682	1223	44811	44820	NeuronProperty	forebrain
1272	682	1223	44821	44828	Neuron	neurons
1272	683	1223	44811	44820	NeuronProperty	forebrain
1272	683	1223	44821	44828	Neuron	neurons
1272	684	1225	45045	45054	NeuronProperty	embryonic
1272	684	1225	45045	45054	NeuronProperty	embryonic
1272	684	1225	45055	45060	NeuronProperty	mouse
1272	684	1225	45061	45072	NeuronProperty	hippocampal
1272	684	1225	45073	45081	Neuron	neurones
1272	685	1225	45045	45054	NeuronProperty	embryonic
1272	685	1225	45045	45054	NeuronProperty	embryonic
1272	685	1225	45055	45060	NeuronProperty	mouse
1272	685	1225	45061	45072	NeuronProperty	hippocampal
1272	685	1225	45073	45081	Neuron	neurones
1272	686	1225	45055	45060	NeuronProperty	mouse
1272	686	1225	45061	45072	NeuronProperty	hippocampal
1272	686	1225	45073	45081	Neuron	neurones
1272	687	1225	45061	45072	NeuronProperty	hippocampal
1272	687	1225	45073	45081	Neuron	neurones
1272	688	1226	45144	45150	NeuronProperty	single
1272	688	1226	45151	45158	Neuron	neurons
1272	689	1227	45244	45255	NeuronProperty	hippocampal
1272	689	1227	45256	45265	NeuronProperty	pyramidal
1272	689	1227	45266	45273	Neuron	neurons
1272	690	1227	45256	45265	NeuronProperty	pyramidal
1272	690	1227	45266	45273	Neuron	neurons
1272	691	1231	45780	45788	NeuronProperty	midbrain
1272	691	1231	45789	45801	NeuronProperty	dopaminergic
1272	691	1231	45802	45809	Neuron	neurons
1272	692	1231	45789	45801	NeuronProperty	dopaminergic
1272	692	1231	45802	45809	Neuron	neurons
1272	693	1232	45887	45890	NeuronProperty	rat
1272	693	1232	45891	45899	NeuronProperty	cortical
1272	693	1232	45891	45899	NeuronProperty	cortical
1272	693	1232	45900	45907	Neuron	neurons
1272	694	1232	45887	45890	NeuronProperty	rat
1272	694	1232	45891	45899	NeuronProperty	cortical
1272	694	1232	45891	45899	NeuronProperty	cortical
1272	694	1232	45900	45907	Neuron	neurons
1272	695	1232	45891	45899	NeuronProperty	cortical
1272	695	1232	45891	45899	NeuronProperty	cortical
1272	695	1232	45900	45907	Neuron	neurons
1272	696	1232	45891	45899	NeuronProperty	cortical
1272	696	1232	45891	45899	NeuronProperty	cortical
1272	696	1232	45900	45907	Neuron	neurons
3266	697	1239	1266	1277	NeuronProperty	sympathetic
3266	697	1239	1278	1285	Neuron	neurons
3266	698	1240	1362	1372	NeuronProperty	adrenaline
3266	698	1240	1373	1380	Neuron	neurons
4197	699	1241	113	124	NeuronProperty	subcortical
4197	699	1241	125	129	Neuron	cell
4197	700	1244	349	362	NeuronProperty	catecholamine
4197	700	1244	367	398	NeuronProperty	acetylcholinesterase-containing
4197	700	1244	399	406	Neuron	neurons
4197	701	1244	367	398	NeuronProperty	acetylcholinesterase-containing
4197	701	1244	399	406	Neuron	neurons
4197	702	1246	582	594	NeuronProperty	dopaminergic
4197	702	1246	595	602	Neuron	neurons
4815	703	1248	325	337	NeuronProperty	postsynaptic
4815	703	1248	338	342	Neuron	cell
